"symbol","mom_z_ts","mom_z_cs","vol_z_ts","vol_z_cs","skew_z_ts","skew_z_cs","ret_1m_z_ts","ret_1m_z_cs","dfp_z_ts","dfp_z_cs"
"A",-0.895795178517631,-0.414244610284644,1.41793426093423,0.415196333365043,0.154161817881819,0.283550293186493,0.474550580019398,0.347133212754606,1.12977361987531,0.98358625810158
"AAPL",-0.663648042125694,0.170712539551839,-1.54551406168129,-0.621800073805658,0.673619044497048,0.245294220244204,0.105052832010048,0.128439192512299,0.895805700484831,0.98358625810158
"ABBV",0.567838278931679,0.959582505941588,-1.03144705243698,-0.498455827395871,-1.30672100272668,-0.562276128488535,0.365608835859959,0.287463534253804,0.804947591764829,0.918365841633402
"ABT",-0.0344877059553155,0.374226162908434,-0.20067391248234,-0.859266334960215,-0.27444149808279,0.333329782268962,0.525992448681677,0.26625479194126,0.236198995573775,0.617611504796927
"ACGL",-1.12707761411514,-0.518761495776982,0.00531683454901539,-0.216258142142317,0.172207631340868,0.641871268239576,1.04103092985019,0.87173004595869,-0.285967069536271,0.11380171703461
"ACN",-2.42249180097035,-1.29908722921734,0.255980152054939,-0.262096351915034,0.755198300486947,-0.124684898568231,-0.169247737251096,-0.307950258892259,-1.9013257153082,-1.37985649326384
"ADBE",-1.46647766076837,-1.19940736778937,0.169003129558365,0.424507415139081,2.86293642529425,2.04934780166565,-0.853804843008284,-1.09243311097802,-1.83481200939137,-2.32587358903081
"ADI",-0.0273078703005384,0.443156508056389,-0.545163619061902,-0.189711441494776,0.974320547513155,0.920878767493896,1.4928944633835,1.47284063490765,0.874994432947482,0.98358625810158
"ADM",0.249352346689056,0.342290997789507,0.836051802293545,0.135050651650208,0.292195043792706,-0.272234842390451,0.0407832523985267,-0.143785076225135,0.423548312096311,0.33373211636418
"ADP",-1.20314326978016,-0.21615626238044,-1.56769657533257,-1.11190012740734,-0.46409018057926,-0.698399214484337,-0.540973629404663,-0.558465830367465,-2.46222269461237,-0.443269291671235
"ADSK",-0.436517562661957,0.171528040010202,-1.59417291578135,0.0288574947867137,-1.23924153622544,-0.307922051685458,-0.120059803667049,-0.214225114022799,0.585715507755503,0.673733372038277
"AEE",0.298547621459779,0.381256644639204,-0.456574583963794,-1.19017959881899,0.439119040842047,0.555828451281275,0.641166968624342,0.262674947857041,0.884199610690311,0.98358625810158
"AEP",0.652266406077148,0.501860781284509,-0.442471852445358,-1.02776481543435,0.901970152206562,0.0869870503658534,0.497662722766658,0.194205580073012,1.09017742918853,0.98358625810158
"AES",-0.0245205856823234,0.0909268023698013,1.54270920764927,1.93009922834363,0.0164524705897269,-0.143545347614079,0.0304144953989199,-0.120170167367295,-0.677725882531707,-1.03990089316555
"AFL",-0.819199557995797,-0.153807380597964,-0.128258082919398,-0.698127898835246,0.454224621445951,0.530944949833526,0.318417956278911,0.15656228316339,0.539393823079616,0.907256063690622
"AIG",-0.163108009948134,0.0168758582874185,-1.1421616683441,-0.929043907456111,0.860400506313591,-0.2602938344585,-0.520204491426412,-0.774932550753541,0.146234285006713,0.199160650040179
"AIZ",-0.811145926826477,-0.263618974981966,2.28934721570618,-0.253421170205983,1.79214881469828,1.40673661243026,1.03436858080937,0.731601470494205,1.00634890026099,0.98358625810158
"AJG",-2.06268445946078,-0.139690417623329,1.62851738287941,0.0337419058137787,-2.1129504556656,-1.31193487230727,-0.427486228782367,-0.402455331689558,-5.03759597354788,-0.969487931813506
"AKAM",-1.28950629600174,-0.986949429615262,-0.698019712299489,-0.447882352993026,-0.292872553114702,-1.03723637638739,2.34857757359935,2.25478872155277,-1.14697927911153,-0.895416585783231
"ALB",-0.970322912924354,-1.50605756285004,0.318568101147436,2.03352985099043,-0.0259276815739314,0.323820484855811,2.42433011903562,4.00375138220125,1.0509638833607,0.501575636857877
"ALGN",-1.22960318208661,-2.14480839457772,-0.407148578433501,2.05831655412171,-0.0312485622093615,-0.485649468626472,0.358431757229635,0.596715546797614,-0.913463084888183,-2.80212433758333
"ALL",-0.501117268773393,0.0447998098649378,-0.139211096316645,-0.700765268566311,-0.287725541429735,-0.263416540086086,1.67324981281599,1.18979596359559,0.937214053943457,0.930145860957391
"ALLE",0.913016397408472,0.805586280542149,-0.224950807336837,-0.283408058920977,1.01525141859311,1.20080498616287,-0.137194437373565,-0.281734636514943,0.408633449851,0.545155960009262
"AMAT",-0.172488179279195,0.686574498247867,0.28109840954104,1.09311158693336,0.606079121592645,0.800395715952694,0.536283232529139,0.819841573479702,1.10467543290529,0.98358625810158
"AMCR",-1.83096607185853,-0.949302630340812,-0.15432450380451,-0.648908686876783,1.05079586189926,0.864920904236309,1.1871082264942,0.742674408003366,-1.37235352781786,-0.514678574347981
"AMD",-0.376258761452577,0.750804045599087,0.440926146828636,3.31962365199212,1.58758555334525,2.24020950637749,-1.19535969425527,-2.30943723694411,0.248086612348545,-0.051356455269271
"AME",-1.03367641360957,-0.242379107690275,-1.24094550046216,-1.02882115823548,-0.0123527796907208,-0.228330882286101,-0.544496876658692,-0.580724363798326,0.507933825260421,0.840166048553587
"AMGN",-0.484022428054819,-0.0358801908312713,-0.317852696401994,-0.460854801293401,-1.12642029849492,-0.582626395896701,2.31953339436064,1.9063220025497,1.15718477166951,0.98358625810158
"AMP",-1.26846148308326,-0.607680339472265,-1.52446839318929,-0.530843350228305,-0.209053535041919,-0.190024788528085,-0.0896101775227079,-0.168607300702008,-1.3597623225782,-0.361440822739111
"AMT",-0.813296067546598,-0.307821822673487,1.01789695914631,0.0247039269736367,0.978527085830183,0.600389943431562,0.0533089131283322,-0.132210122438669,-0.729627376871204,-0.307771946261823
"AMZN",-0.571602770693354,0.0806154974402847,-1.22673921939654,-0.343594190355197,-1.06501842943474,-0.527097884230394,-0.755417466835022,-0.90253575424086,0.537522728168303,0.674203209366783
"ANET",-0.0765163630365489,1.30459799254796,-1.01709836800947,0.689626102284488,-3.77925976440293,-1.88717051061451,-1.8270676837027,-2.58399688238528,-0.475012351746854,-0.192950878701186
"AON",-1.51409428505603,-0.446735511535017,0.41881297674424,-0.315697167674619,-0.400875104861399,-1.23663808083554,0.398598868722478,0.215003454512646,-1.18278581685344,0.0818145329708693
"AOS",-0.367288979875491,-0.138511266672003,-0.835125776406256,-0.492314201496266,-1.03021701202752,-0.995115597676074,-0.118494541423648,-0.304641661200397,-0.700400464137457,-0.713098131250869
"APA",0.141449975313385,0.306255131423474,-0.756497217453681,0.670967737811391,-0.680358508086474,0.0836318177591185,0.317347881684705,1.06162992270514,0.516685198637305,-0.679381709295485
"APD",-1.66929868592419,-0.740826641244663,0.52799553596586,-0.173505612851732,-0.367039478687713,0.43850315553052,1.00879950948346,0.71090001709693,-1.70483543679294,-0.434034848850714
"APH",2.95965134864252,2.87397289126243,-3.8025619485276e-07,-0.445414534048256,-0.0275488381113367,-0.0700082490885764,-0.178374016103657,-0.153508935502455,0.763182829849209,0.98358625810158
"APO",-1.83840564142146,-0.986340697049732,-0.65055811033764,0.360504924952152,2.01626740020841,0.878480782526941,0.380718148282036,0.560628163392066,-1.44725880249495,-0.638151711843369
"APTV",1.12268235479751,1.69553387115207,-0.634268266811492,0.636936234692258,-0.695078709366531,-0.13794685619272,-0.454203405694553,-0.885643218413263,0.591514192036306,0.0518643642631876
"ARE",-0.808328354245755,-0.60584864940059,1.71903125094797,0.889825550121983,-3.00219026494346,-1.60365787658327,-1.05890128135115,-1.34353899678251,-2.29882860776067,-2.77666279587848
"ARES",-1.58036539057536,-0.398979551674429,-0.524493401341786,0.0434046302281864,-0.695001980475347,-0.964909363013643,0.281018029230115,0.426430441243877,-1.89095314171645,-0.335869863069983
"ATO",0.42890091834746,0.42493885010075,-0.649254594001588,-1.33755680529259,-0.000704943368718679,-0.254849797501134,0.420255907093338,0.136590518371493,0.886277562677817,0.98358625810158
"AVB",-0.9759197256666,-0.665163701227978,-0.503318885935671,-0.950737719139928,0.0994022180111522,-0.0915349695116419,0.711630229726398,0.311562687037168,-0.716178867943715,-0.393370591513877
"AVGO",2.84450145245137,4.61966285873688,1.9210221546547,1.67414717440185,1.31112748864286,1.48112045363972,0.604539244185374,0.898377871427153,0.789082176452528,0.98358625810158
"AVY",-1.27692801395329,-0.911526593205579,-1.65497266686939,-1.04075804009382,1.0094490125941,0.717460624673043,-0.40470049085836,-0.494540058390179,-1.28075667721469,-0.536017415410882
"AWK",-0.386551067788475,-0.0189677517589641,-0.0613329037747227,-0.783791044278832,1.63736942278799,0.733185691863587,0.164906037270222,-0.0459221436298353,-0.0994892999046772,0.281669290143919
"AXON",-0.746592272032251,0.163873069806342,0.399872765024328,2.40052966897279,0.892493198484447,2.09228805497099,-2.17070741667285,-3.79670395583982,-2.07406259635586,-1.40409837069931
"AXP",-0.364356566650373,0.263864315594891,-0.375321571566992,-0.415875655971382,-0.208128823678238,-0.589944728828904,-0.0735259268072994,-0.13499621168758,0.811234600671733,0.98358625810158
"AZO",0.687041411668775,1.06348517122103,-0.885820943611486,-0.742807437140304,-2.10642030240552,-1.47626351485097,0.896773371321098,0.71196136272433,-0.571463862080249,0.445779095139461
"BA",0.53183282073751,1.11633062490326,-0.610775639095497,0.683932963553813,-0.149794418259629,0.292156290054374,-0.616648787542307,-1.09904221666088,-0.0379620247769254,-0.904785461164722
"BAC",-0.186327896390497,0.288114956599389,-1.72366360356472,-0.553662093159622,0.165765200194146,0.166281536738308,-0.135116025874957,-0.252786487820863,0.993168190258719,0.98358625810158
"BALL",-0.982493737962167,-0.781492393693467,0.100083941503832,-0.120122866143411,-0.181491935054908,0.063896644764133,0.662075561847583,0.414340863139281,-0.71511612003576,-0.893262329244436
"BAX",-1.27270796726809,-1.09026745400552,1.88580507926387,0.881328858569471,-0.897411021855438,-1.26175626988193,0.216171123512616,-0.10077082049064,-1.80974085330424,-2.75253276668219
"BBY",-0.9067297794104,-0.591666377638588,-0.734640115128663,0.316102634051942,-1.1050625986771,-0.500150079366334,-0.518056771192146,-0.766377432836638,-0.340674048758483,-0.343764048583585
"BDX",-1.54066068579522,-0.671114500328966,-0.0554469202289253,-0.731721844933722,-1.39141613018575,-1.08126069809737,1.39309290750915,0.838417764072636,-1.35416255702787,-0.416141312898714
"BEN",0.233696530381243,0.144943729077331,0.210817775400901,0.492583310575059,-0.333004497992295,-0.0504644743567888,-0.0514928899735748,-0.314406231628994,0.364304059899918,-0.0666528335625488
"BF-B",-1.82731856538596,-1.47767686606474,1.68824933533965,-0.144471407112154,-0.817216466283462,-0.542276992354161,1.01550247824527,0.553360449715261,-2.05566223546488,-2.4421218497821
"BG",-0.549431788123253,-0.446597817799099,-0.322935742857108,-0.216907043737724,-0.43503214862594,-0.21875307913786,0.179143960010215,0.00368490642898131,0.87191965430583,0.555894607144929
"BIIB",-0.5370248752148,-0.753669212316728,-1.53551461987906,-0.537548208121804,-0.459170252502385,0.419427238351508,1.99347412443598,2.09925458379999,-0.33560014033598,-1.05182988224129
"BK",0.894403509649521,1.21033246103798,-1.2227756136802,-0.889116166106371,-0.410529820895739,-0.405433372860498,0.369704390473566,0.211975014595076,1.08570136098494,0.98358625810158
"BKNG",-0.50909341407088,0.0127678759775836,-0.696930034135043,-0.352874462223336,0.306326551069376,-0.14689859674057,-0.565647820980802,-0.730312916011773,-0.669297617905905,-0.0440185762473027
"BKR",0.149541256911013,0.3452317963162,-1.14817240739499,0.411129098269503,-2.01645922606333,-0.991231418827191,0.250206929845261,0.25548156853593,1.18588259036341,0.98358625810158
"BLDR",-1.32785521827873,-1.33492417287982,0.033717445635371,2.10617072774902,0.73156378218937,0.0490057227646726,-0.453474801143175,-0.754352697364179,-1.88409480901886,-2.18883850133572
"BLK",-0.0372988412655999,0.402017279343051,-0.37709508736535,-0.357827097424045,1.55681607070886,0.822838296230779,-0.655064582952828,-0.739415971825567,0.0647963379522424,0.285016871070182
"BMY",-1.34251551548249,-1.00288863067192,1.12407635524902,-0.0306090458450497,-0.534455833036852,-0.992776759928293,0.931675729276623,0.602278299363514,-0.114204076214892,-0.132307856340712
"BR",-0.779042190536179,-0.0527937631126277,-1.12606535735479,-0.975152763100049,0.829145014013953,1.0758726184614,0.309168883825134,0.162095200470531,-0.424251803899645,0.267803253333686
"BRK-B",-0.677694691091552,0.0143426314819367,-0.134325075605898,-0.978334468000215,0.366677026230081,-0.0520057895852173,1.23071823674097,0.708985962224821,0.331450951170841,0.733176926084715
"BRO",-2.27406587391335,-0.669908557619997,1.84233752652977,0.188077567041394,-1.24562177526952,-1.17700323307148,-0.0886599648775881,-0.159250860478255,-3.73430490284354,-1.42189411250771
"BSX",-0.527564522301785,0.155615295797408,-1.04721421499553,-1.04511854789191,0.896779332732153,0.422496760413768,-0.127374200604321,-0.188898706506338,0.0263317285913544,0.610757831158507
"BX",-0.964401196237318,-0.415542910220328,0.179674682087312,0.71645988188309,0.0950926529964086,0.0326009548940018,-0.155404228099521,-0.204575878259406,-0.844545390662822,-0.45956166093292
"BXP",-0.202793171902687,-0.302435669082936,-0.362720105146234,-0.116991438082471,1.33606934469713,2.36580036451241,0.179331175599553,-0.0837264175359046,0.771388074975114,0.497870601387029
"C",1.18148230237394,1.61620630468693,-0.917898109148334,-0.204530406195027,-0.06915437191876,0.0820787765052327,0.179247332688183,0.0904761181879901,1.15050962236175,0.98358625810158
"CAG",-1.66139234403459,-1.25591219626384,-0.567488052894852,-0.861222047172368,0.120792053890232,-0.255950236522642,0.549446464067918,0.208755373788479,-2.2871287527431,-1.80662353027128
"CAH",1.2711010945987,1.35421441480977,-0.377371010358602,-0.0754037762072425,0.447299984869358,0.966551219068463,1.26881661461929,1.1977572325983,0.930783779467803,0.98358625810158
"CAT",0.0421988445772995,0.705821981460728,0.115394768082624,0.350590103580818,0.0974635990486441,-0.0430624608216311,-0.306106363200542,-0.337233921240582,1.14128870480468,0.965737629802345
"CB",-0.742864698640842,-0.189248790954923,-0.770218624290456,-1.11057722514998,-0.0175366337941599,-0.310595299618442,1.03879753731458,0.622701595434759,0.730556940127859,0.874100769351145
"CBOE",-0.0327919819756701,0.415373138662363,-0.81925822508915,-1.02652576204762,0.86310524913054,0.0937050820239377,0.604169952264844,0.376779561541126,1.00924940549549,0.98358625810158
"CBRE",-0.217909857894531,0.336219803213292,0.0121228121660036,0.372618739081103,0.980168026228749,0.897961929681317,0.500751057496689,0.51873542114568,0.871236688675333,0.971299525124189
"CCI",-0.569777310562949,-0.283013497638342,1.12066361847605,0.282105148964808,1.29849284884474,1.68776413967188,0.0871078256858967,-0.146138013517813,-0.303393025717914,-0.304223737577053
"CCL",0.146770985347759,0.310819566458423,-0.251984016007932,2.26180264676736,0.222286802847847,0.415039016535029,-0.719271566074385,-1.7116883658621,0.645324315043098,-0.332461548892066
"CDNS",-0.71776509561955,0.335144755986653,0.500090518717617,0.218850429407377,-0.418502847460394,-0.10970255621902,-1.3458470969726,-1.35851186081099,-1.51124097602332,-0.00990027271936451
"CDW",-1.08523067272406,-0.425338183154133,0.0204413618127191,-0.218338652629667,0.330030718436866,0.12543890514179,-1.45332848646297,-1.51502088196881,-2.8555126217684,-1.91905125894659
"CF",-0.464832960188895,-0.0794687636216776,-2.02316541357343,-0.405291166340571,0.421780772758495,0.58320210764696,-0.599910141271437,-0.961560371163588,0.051598283089721,0.0073358500464327
"CFG",-0.0330133764180619,0.377245191344815,-0.599673543462898,0.521049281728517,0.651173384864003,0.351223787132368,0.461722886484461,0.54307561660769,1.20570849920215,0.98358625810158
"CHD",-1.82375365749303,-0.84904992683986,-1.37965396631256,-1.14809613700153,-0.451306529306138,0.227734832348117,-0.601753103292897,-0.641823011224975,-2.24913551415472,-0.57288834875622
"CHRW",1.62005029367802,1.11812091331275,2.12941059455107,0.397385883394058,0.526231627079548,0.638418132079208,0.279085887884565,0.119462329737583,1.19511332708852,0.98358625810158
"CHTR",-1.05563294204761,-0.964101005152055,1.71128595991561,1.70282225109472,-0.828621103032111,-0.434959954908515,-1.56658116994685,-2.22325747796262,-1.49980371981284,-2.52284391496806
"CI",-1.09940240037871,-0.602713265198155,1.68986952740099,0.633606540785912,-0.815601203108196,-0.916822609401737,1.59168922568838,1.48862513418771,-1.01123673080809,-0.499948215268502
"CINF",-0.434347621271527,-0.0909597759116482,-0.804065759477303,-0.796083839957436,-0.421810119536768,-0.208169839684797,1.02501194550383,0.81742564393243,0.907040411546085,0.98358625810158
"CL",-1.75871377625309,-0.73158538354918,-1.12108230368621,-1.23710726248281,-0.800057501012726,-0.947511225635532,0.832066999050228,0.274738579662024,-2.51974467183387,-0.54850481088993
"CLX",-1.51097780585626,-0.932159974886358,1.23471625352736,0.022630498590654,2.63830202613687,2.35070320982304,-0.680736104453699,-0.837947104728797,-1.71165635814564,-1.28364112389972
"CMCSA",-1.28141799019218,-0.94144019170536,-0.715905964773934,-0.519953292808069,-0.4103177802083,-0.77398102839622,-0.661677492639401,-0.852803501316446,-1.93796964634042,-1.70224364641205
"CME",0.245187957598365,0.575185999771391,-1.21707146689872,-1.36978319197048,1.41437124314426,0.980805773423194,0.872260026544114,0.498558690515077,0.691453482569835,0.86715287873686
"CMG",-1.61567448281415,-1.32007036803289,-0.44522123529938,0.552149493741802,-2.87071995200993,-1.28021068565422,0.742434506950823,0.886808060124541,-2.9242665723288,-2.13301290739263
"CMI",0.0386205001434544,0.488917675740702,-0.477077525215617,-0.352205582445668,-2.09720970369279,-1.24665557197884,1.70571333924523,1.59781121176432,1.07616012775154,0.98358625810158
"CMS",-0.0532593054127003,0.147492671001213,-0.840585814868035,-1.30130650346319,1.462577865262,0.698020105486827,0.49316955820277,0.142941486067881,1.05215090971368,0.98358625810158
"CNC",-1.93540712298985,-1.78965389152193,3.199479449211,2.03562374514159,-3.13767717085368,-3.51208703296567,1.10934366746021,1.19234121521412,-2.37596384213273,-2.45738206215724
"CNP",0.60336955940042,0.668791089803501,-0.73781918863361,-1.15629520113497,0.232107858405673,-0.683991857517538,0.634540720837824,0.381197277986681,0.864115013579264,0.98358625810158
"COF",-0.141942570346274,0.307135073366921,-0.72204354483676,-0.0800169679434498,0.652711113059765,0.289948743521528,-0.170900306364199,-0.307881533667736,0.813708545076743,0.762398303907994
"COO",-2.40565954835341,-1.58190979961394,0.610980036471016,-0.0573438458230331,-0.237327270810523,-0.454652585255563,1.5036049214843,1.22533027627318,-1.46020216131999,-1.0339951691294
"COP",-0.715776853365592,-0.506603102958382,-1.06620066081241,-0.70613627316058,-0.859780072298611,-0.145630196721993,-0.0572234702444315,-0.204757566086182,-0.786362395485564,-0.83078436008666
"COR",0.911278185445662,0.951400038521646,-0.482973983372626,-0.621000366481073,-0.575554695784945,-0.210266341467736,1.16291243418544,0.948291663497839,0.827538736670397,0.98358625810158
"COST",-1.53591294428533,-0.300154129811558,0.132230411517341,-0.583394522531838,1.51208319653487,-0.012371788876259,-0.259800761397922,-0.271352138069834,-1.61795527220722,0.12373298131473
"CPAY",-1.62677644390582,-1.06584438787236,-0.183772339016298,0.18296241733119,1.53244784337994,0.444127582272754,1.45254172117601,1.51094439281707,-0.892252916545515,-0.554962048736549
"CPB",-1.5640125568059,-1.20208479878801,-0.788815127375192,-1.01833710557845,-0.550586676907885,-0.37256677194142,0.196318150890858,-0.147904929595387,-1.51162157792686,-1.4513718804322
"CPRT",-2.06832342204819,-1.06960463505382,0.331428930476016,0.246178541343714,1.03811902351097,1.36463817265244,-1.42325741244367,-1.5506144100469,-2.92047399946022,-1.66145279004595
"CPT",-0.881115550126821,-0.579504491591168,0.0340414903048956,-0.687129545350772,0.960399403910983,0.506247953061751,1.04450468913223,0.615843079839018,0.0550882545750782,0.137020359843721
"CRL",-1.00761127505299,-1.03926864917234,1.79824628726721,1.74613570583752,0.366536641914296,-0.0830353615323495,-0.231165864981506,-0.445380072089902,-0.606888493503451,-1.36924464873642
"CRM",-1.74213579777456,-1.13609574296647,-0.0689444669089289,0.413691518778643,-0.00398862614528225,0.732073039549754,-1.41878665927899,-1.83037850160446,-1.12967920007759,-1.22821942567519
"CSCO",0.396107595777156,0.60472084482068,-1.46476064727918,-1.12066208704018,-0.539343357040516,-0.273394295295445,0.587334977996421,0.395122313014102,1.0879549623618,0.98358625810158
"CSGP",-0.550410771722092,-0.0275559205853553,1.8687290549517,0.418721144154482,-0.655172988522474,-0.038357597909337,-0.168991105954833,-0.3045589895917,-1.82281222529059,-0.993167911583405
"CSX",-0.694488360663975,-0.200678063768794,-0.99213815545512,-0.433251418834176,-0.389773388542249,-0.447205347285739,-0.403794092818472,-0.498342605381793,0.559847713630658,0.687295338063761
"CTAS",-1.87784419346472,-0.427064609472617,-0.141855410478133,-0.317658453449684,-0.98394164749824,-2.15697336645152,-0.0552841415777554,-0.0703160512493067,-2.09452368521029,-0.218954169402177
"CTRA",-0.630144067999926,-0.526353586927059,-1.20186381384335,-0.685837420437352,-0.189742751091159,0.125015732276641,1.41750684715352,1.61581129240995,1.15707373198305,0.664797651007604
"CTSH",-1.216067228901,-0.813974521373291,-0.555677256462733,-0.462903533711588,-0.0622498801631826,-0.0870060357824745,0.883861286086362,0.642209598792159,0.746906301879441,0.601665733856375
"CVS",1.50694039043511,1.06189839482676,2.25852272553917,1.29155263382508,-0.568214420905248,0.0144138771960345,0.294378115312672,0.0740262316479579,1.4134703027212,0.98358625810158
"CVX",-0.485290343325174,-0.167433582821133,-0.751574833366681,-0.611606970322112,-2.38731060243582,-2.71971574207987,-0.535445023070658,-0.716596938572985,0.324254959495995,0.536494673742481
"D",0.362828913022074,0.158287037091692,-0.241702255717441,-0.977845920292408,-0.503679724893452,-0.490514994670146,1.22063486613619,0.623291736137591,0.952176870012968,0.98358625810158
"DAL",-0.623499828975014,-0.569880087930856,0.114678683473447,1.22877405370164,-1.07838743692051,-1.26098187455975,0.979285466535562,1.25723036463981,0.974650350114273,0.738496633397403
"DD",-0.412535953103667,-0.378631370448804,-0.360862321424051,0.0243883144870075,-0.853563110764363,-1.24174961425186,1.83806891583574,1.9623199628113,1.2205874525443,0.98358625810158
"DE",-0.733527877753322,-0.157518931096292,-1.24556772779148,-0.379571071616506,0.94203415006177,0.898133169521525,-0.17351980193964,-0.220107042029495,-0.682390899221297,0.220450571998087
"DECK",-1.99625434273885,-1.68726563543709,2.83924695535377,2.15363510682859,0.660511419904727,0.696952345622689,0.550315781827064,0.764539436850747,-3.01668781824002,-2.90794826357134
"DG",1.18333645528543,1.29109897097933,1.37132803784694,0.803107975462076,-1.17526109384971,-1.38221721004966,1.26866779946957,1.15942722222496,-0.429646448797153,-0.866322317676345
"DGX",0.508794524851805,0.554244596061981,-0.834031741604801,-0.898079880582461,-0.214350499095975,-0.511623251788876,0.85916791048091,0.698864288323992,1.01891464693398,0.963404400914341
"DHI",-0.588218623260927,-0.094896878847032,0.545360074491974,1.39569557543708,1.38194878900084,0.722181249848133,0.490296088368355,0.628454726224694,-0.210589848935044,-0.0780242839065558
"DHR",-1.38887823672954,-0.848451400893314,-0.458395809161973,-0.65949260567241,0.0943260980290069,0.967651914761645,0.412833030094479,0.402352303761465,-0.786742386557656,-0.248384556228493
"DIS",-0.238004050397786,-0.196256764104128,0.462994369929128,0.676561026439931,0.462647681332743,1.44557654281358,-0.88829619655601,-1.26649285840497,0.157467013866565,-0.0987268348560079
"DLR",-1.04293280545231,-0.449614926831282,-0.408925410759615,-0.607571532377846,-0.0622496405258707,-0.0810853492975871,-1.08023454154232,-1.10688434838418,-0.365008886665502,-0.0999931362229882
"DLTR",1.31913820281407,1.26537161736149,0.827042012424376,0.862544297095771,-0.433518851649566,-0.389540585702164,1.20499763189384,1.26820356203455,-0.342916298861952,-0.696167017499367
"DOC",-0.435612793957811,-0.442049135369103,-0.31773175983934,-0.297866226958472,0.824255719900043,0.420872318391554,0.295045457607471,0.00678825490982643,0.323634496630213,0.0242294345980591
"DOV",-1.8435455655805,-0.891926540140119,-0.88743057057059,-0.673197573732402,-0.24308482001907,-0.648315600120295,0.130253041723682,0.0158498500877755,-0.00753397345395776,0.365058333265466
"DPZ",-0.929315549204847,-0.425596396404763,-0.711335164748946,0.0705634270086147,-0.322532703332055,-0.291602229199766,0.430852998873759,0.405014799151518,-0.364123086908764,-0.320239787181657
"DRI",-0.249068185915403,0.224432500505673,-1.00217350096098,-0.997112792376856,-0.443137083552972,-0.470081838873691,-0.215791116535376,-0.344765932929645,-0.912157780062531,-0.140430189800463
"DTE",0.52541868712487,0.441182556623669,-0.549722843520649,-1.21599676986132,1.09123205587434,0.526193857702617,0.0242989716182913,-0.156205231015813,0.483737987109523,0.769890563922401
"DUK",0.0534312778615142,0.181196109863121,-1.33240133762288,-1.46672210392764,-0.852484250251951,-0.906624133436316,-0.0734121642036812,-0.225763355122465,0.975067709889,0.98358625810158
"DVA",-1.02126414790197,-0.806103957321353,1.10822454393265,1.24266309630745,0.545202319387419,1.00072092655694,-0.0353778023992777,-0.228765652762429,-1.24828219898215,-1.21975257864671
"DVN",-0.344833000681885,-0.336231289533982,-1.2590626038784,-0.164242151992792,-1.11024380279495,-0.653100553604089,0.753163022349599,1.57082547887137,0.329023273256377,-0.675896863058101
"DXCM",-0.642469250557067,-0.617465515623941,-0.467473240297115,2.33477164724017,-1.49778023863893,-0.715972298658837,0.471471175019035,0.898430065741367,-1.86402240877878,-2.74204307550935
"EA",0.760616193782534,0.737079791625525,0.102017305036885,0.00868743697166607,-0.452959540756005,-0.466868546058877,-0.0328244762857051,-0.171469614456579,1.05693870588614,0.98358625810158
"EBAY",1.00694437838401,1.39099001468925,-0.652209420448211,0.0336383726191539,-0.559039205362952,0.349717648260682,0.0822699299202744,-0.0123452193461473,0.410438015346282,0.354160881237915
"ECL",0.0561327194000158,0.275678379655818,-0.311273010965473,-0.806728621109776,0.646587248054208,0.91414360581315,1.03213181665639,0.67189477185926,0.742918341430128,0.953400558999654
"ED",-0.343768551115839,-0.0458503141538472,-0.037763447912077,-0.979695195560602,-0.308267261424577,-0.583439624778794,0.597062485077819,0.215023275104276,-0.140445345505972,0.383626959539015
"EFX",-0.457319136700648,-0.181894425721539,0.41496166028667,0.93354633543691,0.706463816813591,0.517944704515465,-0.0243590992866727,-0.191075930970637,-1.23381290030276,-1.08456786401152
"EG",-1.00042923801353,-0.424409238568755,-0.437517084882743,-0.622297905344665,-0.211013298848485,-0.441212165263787,-0.14123612714982,-0.312363503788342,-1.25107242791257,-0.305648651334602
"EIX",-2.28770328963857,-1.51013955286609,1.35762407466628,0.440324604858145,-1.32189631551019,-3.21167665641293,0.754055402801426,0.541544903439332,-1.22803869524749,-1.00532474049247
"EL",0.594601314967941,0.804810853391948,1.68409087434462,1.58119541576528,-1.46946350545515,-0.703763848276806,-0.327634446936826,-0.614947284705798,-0.484125768322237,-1.54428078982884
"ELV",-1.50225469920379,-0.87985540310412,1.17766007061211,0.382758043633358,-1.89374319314066,-2.64798418607294,0.714993574731168,0.581677208173648,-2.56580086104601,-1.62405583775721
"EME",-0.0943122371386741,0.823264176542277,1.57931375054058,0.905564189885031,0.589724629762863,1.64454247745426,-1.39778746802602,-1.49917386486783,-0.258714114682406,0.36650821239812
"EMR",-0.62965270766616,-0.132934345728032,0.471257074050344,0.330512526716902,0.88497580732247,0.810815795031729,-0.687577588601694,-0.838104110419451,0.122481081258776,0.463251266109619
"EOG",-0.68617556424766,-0.633840140044166,-1.31439178566036,-0.676697240707863,-0.302376281924287,-0.108872511908756,0.0628596160876405,-0.0496816176620665,0.0913907967121842,-0.133922055504177
"EPAM",-1.5623385801563,-1.88777974066313,0.300884632242129,2.04518797339989,0.761877678788218,0.288277065280728,1.01739606386522,1.60801956845907,-0.574019129324925,-1.66557560047347
"EQIX",-1.66745286415881,-0.813416122365861,0.180880730957661,-0.43969839133852,-0.594362740000486,-1.00343744800328,-1.84017852387177,-1.69022428351827,-1.69871142505705,-0.492349001472145
"EQR",-0.770138144445303,-0.566476314777365,-0.875370611514811,-1.09241423102063,-0.44955217408448,0.00474555839109198,0.596573668274325,0.21499321729312,-0.239367897272395,-0.126661454837883
"EQT",0.195733233764291,0.724172544060481,-0.850231433728608,0.176483110010578,0.160979451851046,1.47343418746515,0.772919349878964,1.55189404438036,1.20009675234984,0.98358625810158
"ERIE",-1.45135896671492,-1.06934325952375,0.765501721022272,0.590169584441023,-0.0409725712716831,0.747825907715721,-0.0583925327479597,-0.172911552367383,-2.3390031510678,-2.05910585332444
"ES",0.710181077361939,0.40878603423517,0.860126389872358,-0.426918650696605,0.750631191687182,-0.138943324482208,-1.70249594692988,-1.49901661057896,0.0667974439494416,0.366589310734066
"ESS",-0.802611745658905,-0.526721711690625,0.192561190831865,-0.53079080759181,0.671040417872936,0.701631608410208,0.682160411170563,0.324263131013583,0.0469241815166495,0.0866119971330284
"ETN",-0.905815384818923,-0.116014213503585,0.807830620730803,-0.0449955555464361,-0.169714186491402,-0.545005902676541,-1.66937232827284,-1.54775722910701,-0.583279309405516,0.308292592936475
"ETR",0.48873150373501,0.711874310884396,-0.543540297442387,-0.954944084686493,0.935358741490776,1.08225243146932,0.130631346404001,-0.0142012836934159,0.94967259207627,0.98358625810158
"EVRG",1.03127940218963,0.665719738242318,-1.23638636880683,-1.31710494922821,0.51499666069903,0.0144512154194096,0.194281724093392,-0.032231847125262,1.00466606855449,0.98358625810158
"EW",-0.0195885434539227,0.230505583961389,-0.219644946417453,0.401138553057147,-3.36790449894319,-3.88048341602638,0.411254312531274,0.37908226118899,0.44686002176296,0.34457183616571
"EXC",0.436463158831077,0.518865156368704,-0.456757735707469,-1.10256172446382,0.631149300785739,-0.123281039450856,0.359128800142452,0.104988411922635,1.03057793597939,0.98358625810158
"EXPD",-0.493576039978596,-0.0473849546838387,-1.12540659913346,-0.903466396425683,-1.70130464179519,-0.892581528266971,2.98658812561236,2.42894272772799,0.996580312749255,0.98358625810158
"EXPE",0.241830929451666,0.591013235773014,0.0534013708021804,1.61864608495636,1.43563653546197,1.8277524989498,1.26908831638522,1.88394361874175,1.27311603929975,0.98358625810158
"EXR",-0.931257878521353,-0.624312185175245,0.986986808823594,0.574506836894407,1.58150507921133,1.65342416430399,-0.160688502597834,-0.33952744974594,-0.852527045224945,-0.582988130278331
"F",0.201162335156451,0.44499640280493,-1.00292989850807,-0.223454898127424,-0.191250629785651,-0.416695877446824,0.133648607343716,0.00533390067002231,1.47019313139174,0.98358625810158
"FANG",-0.668278239303963,-0.841316214762647,-0.965503070022526,-0.370299718954238,-0.719415524086219,0.0682502719070517,0.401639046400996,0.669507611958468,-0.0818457124264136,-0.466438785222584
"FAST",-0.0636198088533931,0.448831527071782,-0.0509541743181211,-0.148200204295498,-2.21228581101212,-1.74381021350593,-0.468857227930689,-0.545378765982695,-1.63601120985911,-0.268187897367597
"FCX",-0.523581263906396,-0.555320311456308,-1.75169847763224,0.633137224208706,0.204655967843428,0.709041359870735,0.0178808759364288,0.106211562839572,0.274512668995044,-0.1668991160873
"FDS",-3.73523025832807,-1.61651825629314,0.789240658177523,-0.409959895873041,-2.37860681198166,-2.07447924440042,0.571164036568778,0.275160763929116,-4.31704351295796,-1.95866035706558
"FDX",-0.941410022092771,-1.0142026852645,-0.761154573658088,-0.0063386141564598,1.01911681590569,0.903145441062159,0.832837689292841,0.844470127990709,0.837414096799551,0.517921785833927
"FE",0.247088453471838,0.291641075059453,-0.946559670876737,-1.29728134214743,0.544568480055145,-0.389985248944722,0.758086596007146,0.382506981431361,0.868414326576547,0.98358625810158
"FFIV",0.307804216934175,0.655177674566202,0.366230454026019,0.266688536855594,-1.55215980633417,-1.28834457335802,-0.821221147851877,-1.03371551078626,-0.555158121101347,-0.802331674494808
"FICO",-2.52926993364803,-1.78753629506065,0.923865602775402,1.24228500323765,-0.868278145281322,-0.427659532375298,0.635757959207187,0.871555393542946,-1.52451894048119,-0.662607311444576
"FIS",-1.14838016559133,-0.916194775347345,0.100743963922187,-0.0955094296818349,0.529359734177023,0.145229444310446,0.630753054630258,0.389747421823891,-0.356677908541302,-0.745725695165332
"FISV",-1.96844002544249,-0.872821796287171,3.69902893721251,1.96332391457524,-4.87335082151469,-3.50771574101339,-1.03379412642623,-1.34514703298228,-5.50476740931016,-4.09381995655623
"FITB",-0.530679710527877,-0.280081370139063,-0.313379058830432,0.262437344094741,1.34256854873237,0.938818004548515,0.328842622211107,0.286207591997873,0.646865895619881,0.554349170009477
"FRT",-0.493058671873014,-0.512709592772632,-1.25079312369467,-1.21904196441327,1.02434405146818,1.1798401168534,0.340436871135851,0.0490814023968935,0.322251411703089,0.190178562711386
"FSLR",-0.118006954616485,0.347755713108285,0.790684126447547,2.99568959467762,1.03707415515355,1.70333626583828,0.00443398543074953,-0.00424838160321323,1.36847808825487,0.98358625810158
"FTNT",-1.12652832571811,-0.550845792084389,0.11321846473658,1.00204651998098,0.861922049774326,1.02237855813438,-0.862677323679541,-1.11937079801443,-1.45149473885488,-0.725840222536335
"GD",0.581961534830531,0.677447395258307,-1.98342755538738,-1.53309791009296,-1.16816308520426,-0.991363760827378,-0.352706212840731,-0.428902713674093,0.90520886328854,0.918462693274552
"GDDY",-1.62773429302971,-1.20031469596334,1.26573631040461,1.03115518386317,0.747150979535929,1.99105242229108,-0.672235801895604,-0.829867186344541,-3.3121177938446,-1.75523875161435
"GE",0.960192373499877,2.28368724435401,-0.828581022574874,0.130216545451508,0.0274424676227484,0.541964145925285,-0.443697429164105,-0.755287934120473,0.863466447083536,0.750141063081778
"GEN",-0.708797985727218,-0.37359472571647,-0.170214740417869,0.683143190692387,1.6266937861893,2.6633103666245,-0.0977562755502416,-0.234899460962172,0.273701721084783,0.0897029138705303
"GILD",0.935499218790197,0.842570584757012,-1.02941123999357,-0.617525291207781,-0.828904194846287,0.215990825256908,0.643723912685202,0.370058136106064,1.46832160767674,0.98358625810158
"GIS",-1.36033397176976,-0.891353023173848,-0.996122808963164,-1.19756622880778,0.86647800012994,1.06785227959916,0.251637888439526,-0.0911650266432218,-1.62229304661573,-1.24104594575491
"GL",1.00008411716131,0.883512653018109,1.53847324873408,0.618132593570603,-1.55707873477878,-3.6279041733959,0.210778574881461,0.0234921739486515,0.33383881731517,0.600260829487738
"GLW",2.0819452822838,2.56624286538153,-0.532369451381926,-0.326723692701724,0.115900849543509,0.783005779019137,-0.898516198762337,-0.989329276472482,0.590632869923827,0.629442520962394
"GM",0.0325462535617284,0.342970830516434,-1.13807655022467,-0.195968129319168,-1.05920848504406,-0.529900126183289,0.535499765329813,0.551389270928682,1.05099325377739,0.98358625810158
"GNRC",-0.638198461136522,-0.509295303173744,0.356414879168336,2.25776673817957,1.42532247551653,1.58941607116592,-0.921054493725049,-1.6018769135661,0.0848978307678909,-0.535615341482382
"GOOG",1.54591640068073,1.97011525245395,0.345249853757555,-0.15792256897482,-2.34492081826657,-1.50221359221922,1.62623103007809,1.50747538759792,0.813430110787151,0.98358625810158
"GOOGL",1.64380620613991,2.02523542677338,0.437256052485863,-0.125200769173692,-2.02615506877139,-1.52090217125827,1.66154076369906,1.5442140769974,0.821237310938437,0.98358625810158
"GPC",0.293991299101495,0.308322876292392,-0.580922295711624,-0.442762228844794,-1.44907625997664,-1.40501826412712,0.229571709908101,0.0206488530803135,-0.210679080230049,0.0805966673970642
"GPN",-1.37241282734532,-1.12919731697918,0.155653340264253,0.356260934903284,-0.983719984437033,-0.733819117517934,-0.364809534206697,-0.645194429953889,-1.34772991857409,-1.92942336235452
"GRMN",-0.340428572435609,0.375678435517451,1.49203438588154,0.169503316237265,-0.926858215354124,-0.737080547545359,-1.45552316304471,-1.46183742817175,-0.558778878888393,-0.436384936981783
"GS",0.454130826498426,1.1441869660162,-0.806090996927283,-0.150572229894326,-0.433138624038513,-0.047967470815257,0.338086426921371,0.316111802493394,1.12382775791184,0.98358625810158
"GWW",-1.58166307749427,-0.891919873996402,-2.82827959787463,-0.681465483455256,-1.07982712033952,-1.11967751254888,-0.586049655131391,-0.685190511203682,-1.71725621974191,-0.430924501535796
"HAL",-0.59454767584686,-0.949124860603232,-1.19731700378579,0.214672355515208,-0.944367745181437,-0.362600260540859,-0.233871688454545,-0.61029506162906,-0.0952886976883804,-1.13451363054236
"HAS",0.905417579174838,0.67004829765708,-0.678034369529212,-0.264139509289689,0.0517920961519497,-0.98455722825857,1.0585396352475,0.929181274273789,1.4647312597333,0.98358625810158
"HBAN",-0.423997633980143,-0.151713974335159,-0.509857932118287,-0.0263508420942154,1.05383858153084,0.320925367607802,0.525949628607822,0.439243220196537,0.328942056597757,0.457622692752807
"HCA",0.576214555389347,1.23880717493162,-0.782922908166202,0.172054112292495,-1.94322050236722,-0.811328066063146,0.88431793283319,1.10584035884787,0.883136305785403,0.98358625810158
"HD",-1.0766222303554,-0.264797473204737,-0.0617894979450946,-0.466216742616496,-0.0577066346180008,-0.603017085197347,-1.13169770242501,-1.09807258171872,-0.588208320862741,-0.0674376405087884
"HIG",-0.191443525951369,0.23892768103347,-0.315806900159698,-0.655198486177051,-0.222175774721827,-0.946712904771986,1.31728473059788,1.07562237731747,0.799580920299692,0.98358625810158
"HII",1.95631765530146,1.80807475613867,2.08256237367655,0.952349771350732,-1.66272229408868,-1.96917895753875,-0.43339027515473,-0.592853796211655,1.0572735606603,0.833910722916193
"HLT",-0.786835788117359,-0.0365076713282374,-0.859433626169489,-0.698626238221621,-1.01018834022299,-1.71582561545885,1.15305405715987,1.16072924623996,0.80646541395598,0.98358625810158
"HOLX",-1.23282865844477,-0.759248722943059,-0.822160440407033,-0.910590504616863,-1.11176370412652,-0.589385063898061,0.0737922532576542,-0.111605112267718,0.192765493898188,0.424717648378357
"HON",-1.06886182363182,-0.434947992667567,-0.939447116498677,-1.0516640160582,0.697343118462878,1.35914234206361,-0.823927386740997,-0.831134121238923,-0.634388569344464,0.19673486779602
"HPE",0.221036851167577,0.481275204271324,0.607951650252496,0.586486135449252,-1.43150993366073,-0.356329904863625,-1.30014226494808,-1.69344104905106,0.065214964016247,0.231255417332782
"HPQ",-1.0976449309425,-0.802595770471264,0.0185379544894157,0.203765045841369,2.63689404970046,3.34416507310727,-1.53284739388164,-1.86703179333111,-1.35304817188341,-1.02631520359599
"HRL",-1.50665233389112,-0.8929102510222,1.14451717006405,-0.492187222259958,0.513338000190492,0.997540208570841,1.27963009138624,0.696771793212156,-1.5008176890493,-1.12695221515114
"HSIC",-1.28679177373409,-0.714666436504749,-0.127370144732854,-0.163813700879102,1.3910338091511,0.946806130805431,2.44158929326755,2.09355291467895,0.698752639818258,0.517361936477973
"HST",-0.355119060244115,-0.228912926692374,-0.954286337061608,-0.521976828134854,0.520351563404644,0.775570574178925,1.12208963453702,1.03593796964852,0.523465658233091,0.443650881162034
"HSY",-0.0165624677308655,0.191126324637424,1.66316974501685,-0.58544528681103,1.07534079365713,1.13062017406991,1.93206112400809,1.25981505385408,0.879618982768333,0.961381011044033
"HUBB",-1.17189747956908,-0.345606836104512,-0.212407386360024,-0.0924433869428276,-0.782295329790024,-1.22562984771333,-1.26683502708816,-1.35498902506289,-0.194636322885718,0.44086644238126
"HUM",-0.779624306251161,-0.522798794337256,2.84224081851203,1.22338762250237,0.241560969718235,0.921631274656558,-1.47657040874431,-1.85482222664781,-1.74920696832107,-2.11690278240663
"IBKR",0.487639823290958,1.41685589171953,2.25042194327648,1.08076114666661,-1.39715076987943,-0.029170740103831,-1.02665520146534,-1.31348549374802,0.394261428066997,0.462270420294598
"IBM",0.986451304988535,0.939538722790713,1.16902540972903,0.172503373943575,-0.688414442777115,-0.865398323207127,-0.0561355287100416,-0.178217024533643,1.13955570223008,0.98358625810158
"ICE",-0.593996257754336,0.0619029695887269,0.24787691096134,-0.569598149225827,-1.00814220041584,-0.498216632174425,1.05079466668957,0.699793021604854,-0.866635726635738,-0.0231773298519701
"IDXX",1.0969543131129,2.10022220686257,0.293989669859958,0.595057088263108,0.691747198118282,0.467219991142295,1.93468951849587,2.307628094661,0.966133726132595,0.98358625810158
"IEX",-2.28743155666079,-1.27550462871403,-0.10727616732728,-0.534165521710844,-0.451962066895116,-0.390215072736798,0.0706973878805099,-0.110754332262308,-2.08981156098656,-0.866277898205971
"IFF",-1.74162767179529,-1.43874118914397,-0.911912284363308,-0.471635705585775,1.83352517696132,1.33265999256101,1.27211642202077,1.0743410851951,-1.00706093192254,-1.23743478470815
"INCY",0.559027778550394,0.483346120806155,-0.788450135026042,-0.0452580078946104,-1.56179579919856,-1.04164065341237,1.18784689244074,1.26181614273007,1.69579914782745,0.98358625810158
"INTC",1.60621852498218,1.62334060866827,2.63041125014954,3.14291552642244,0.131246204965451,0.0486374184962682,0.0548472750138583,-0.112779567318787,0.300669243817819,-0.266722964447296
"INTU",-0.681647386822654,0.0981058832535357,0.169459205620962,-0.136670185221743,1.57364882628491,0.981092000687569,-0.978451449739849,-0.970425552790442,-0.742587901925093,-0.337909821386591
"IP",-0.915031081835731,-0.741239158429293,1.15098084203361,0.75487420249038,1.28583904663945,1.17211773063649,0.324479887290181,0.155271011367808,-0.960499295954158,-1.08769570784131
"IQV",-0.745717179580239,-0.382339364761118,0.883556290813674,0.847049441028977,-0.480309947877225,0.81262527135037,0.555177345573656,0.531127512473359,0.30007730528547,0.362131501957736
"IRM",-1.10650837945024,-0.606908153110699,0.740808939148913,0.0219629533743823,0.233462598124236,-0.466051111677172,-2.45674074532861,-2.4502439155301,-2.3350948636356,-0.938538101642543
"ISRG",-1.69092164072435,-0.967470034563165,-0.19180432331789,0.185983456488353,-0.429211462600733,-0.158175672185893,0.58990871161484,0.674595253662684,0.835757570545146,0.98358625810158
"IT",-1.82151186672224,-1.74942363165437,1.56750509790403,1.2026777022002,0.267186739767428,0.48583295661957,-0.818636972480236,-1.13929266344451,-3.86812615985008,-2.94023287888805
"ITW",-0.996834154642269,-0.271438377899585,-1.64684930268269,-1.16917928581524,-0.822997168041486,-0.826345893951298,0.161850834068873,-0.00994441562172684,-0.0387848929601298,0.436086323410551
"IVZ",0.505429807844692,1.1013217124263,0.188208566090215,1.25913179532907,1.29864252232015,1.09043852864091,0.302936808051641,0.240260622915003,1.4284509159676,0.98358625810158
"J",-0.399301927292514,0.124065762132272,-2.13049058351928,-1.11997374014612,-1.55826454284895,-1.20180425290524,-2.33247615481176,-2.09777004341496,-1.19454414959171,0.057803411174569
"JBHT",-2.29842325253941,-1.50336090546053,1.21858859545868,0.259678257382782,0.809014286578887,0.895991165637398,0.293393192091775,0.135458745169285,-0.249441125029272,0.0173902142335753
"JBL",0.960741078224936,2.01378788092747,0.269809519400624,0.765920875839854,1.59168778808155,0.948202550842312,-0.732081900497654,-0.911415723320093,0.395428902279208,0.605044313465994
"JCI",0.607613760250574,1.14081385179185,-0.538852533209223,-0.250511966660038,0.717975010836776,0.176664248862533,0.00467122203108779,-0.0790673644761699,1.02888398276361,0.98358625810158
"JKHY",-1.81720679689498,-0.76020061088116,-1.52156069300138,-1.19956670754238,0.646052834128766,0.608581331944879,2.85282493391633,1.98131723610026,0.795990415311187,0.722784918037952
"JNJ",2.06053125384107,0.793256380997461,0.0322633663896491,-1.10335661019685,-0.434599744318277,-0.368730395334849,2.00329268871724,1.06291015553555,1.1166493126822,0.98358625810158
"JPM",0.301175019785842,0.904691935908293,-1.19996337294243,-0.776983776182248,-0.5482982659435,-0.526629426219153,-0.165752135966935,-0.218716705022314,0.80969662670544,0.965557991955519
"KDP",-1.67674947203287,-0.926743829390875,-0.449288911674217,-0.777691033521515,-1.70513541492475,-1.20852854743307,0.307174083706797,0.0602676204656417,-2.42455283611733,-0.616597655874294
"KEY",-0.317993432673877,-0.120179360386177,-0.673795417896856,0.261696047175584,0.89571610465404,0.700760464247814,0.338533657183624,0.295561798053779,0.857018270747565,0.705675774009032
"KEYS",-0.730809181436256,-0.0399249765531238,-0.64541906311801,-0.178628863950495,0.981882630411378,0.583832689846551,0.776854973353555,0.788616891708903,0.980520017353628,0.98358625810158
"KHC",-0.55146405880322,-0.69171109402657,-0.85848867786718,-0.772979539196085,1.36876542773637,0.952307265934822,0.66300171168627,0.335552228554879,-0.180341512404822,-0.901000311963957
"KIM",-0.470862360072753,-0.511027043403992,-1.02576633824598,-0.810954233996776,0.430472108676276,0.615267107504967,-0.0677743800842697,-0.302624415169141,0.114760024581888,-0.081365232512925
"KKR",-1.38532248816519,-0.83166741046099,1.12353281968849,1.51191808895301,0.595565274067312,0.780788584096305,0.11687109691228,0.166631886222041,-1.05813405019132,-0.828088122673292
"KLAC",1.48486963926846,2.59453201593509,0.0693174218638947,0.45679202736417,0.523895257009235,0.511967052747286,-0.62717102429198,-0.647495144285782,0.483611490841258,0.805731380814856
"KMB",-0.908920648445347,-0.379978148296879,-0.172047494592753,-0.974573432936393,-0.173977205356191,0.115289908799353,-1.75943132491922,-1.48088415413224,-2.47593152540765,-0.570663976465616
"KMI",-0.329056839858828,-0.0177307502470101,-1.01038582271883,-0.819345750766535,0.623745829827968,0.355876677240717,0.627418925656345,0.429240909665051,0.48571571297717,0.638080444842011
"KO",-0.100291601316378,0.096623257809577,-0.56537363806906,-1.34429859196436,1.49476805977269,0.452959885821672,1.1631950115713,0.513147839617136,0.870806753223863,0.98358625810158
"KR",0.0968688672960706,0.305125398706875,-1.41279267058841,-0.79458580187231,0.694226308607659,0.98484331748308,0.726988864750428,0.53651418050416,0.585436089814705,0.612800606999489
"L",0.347751933481683,0.495146779221436,-0.745801979834291,-1.32181499391197,0.673901223160294,0.266512082531138,1.37777880216721,0.817513995668972,0.79181121465432,0.98358625810158
"LDOS",-0.0971683132899465,0.437131871309842,-1.13562328269291,-0.345627688086943,-0.98035978499222,-0.793831975225576,-0.181379854442034,-0.258569028171318,0.909571010788775,0.98358625810158
"LEN",-1.27746219293271,-1.0816537679899,0.0970458966473275,0.815314378855545,0.0769807364239482,0.144585875142181,0.476085953847775,0.507693762244621,-0.885033632964653,-0.817193810130882
"LH",0.42270141243514,0.55462680901139,-0.788830588491956,-0.842214313607867,-1.3029864813507,-1.0995113923637,0.72099465235546,0.512335201468388,0.324735956548559,0.563383357293475
"LHX",0.500631868666081,0.735663316202423,-1.3850762556535,-0.839349513598352,-2.16331288733225,-1.56400398097176,-0.673362007197458,-0.728761080360903,0.0331770777929044,0.408735221929309
"LII",-1.39505838632313,-0.833749262077841,-0.342359159527001,-0.556187638070189,0.609030599982684,-0.0855170960859264,-0.408966715405597,-0.464300229458946,-1.27909680221731,-0.703336786012272
"LIN",-0.99152851584755,-0.000689812048869422,-0.338670282100837,-0.989670051604607,-1.12470883246456,-0.741087898243414,-0.609442067626601,-0.556715113395186,-2.05767715957462,0.0262440874531881
"LLY",-1.24124137461827,-0.321769546706526,1.0422997981117,0.555305754976309,-0.854182382021986,-0.308293858173173,2.85176132961736,3.00360705571563,0.819737928852014,0.98358625810158
"LMT",-0.842883975203101,-0.243047103049753,-0.537722603386285,-0.696237288798038,0.158551602700828,1.05768276689015,-1.27874144410849,-1.22381805116629,-1.54838839890505,-0.353863189195774
"LNT",0.090197015387846,0.217790558976831,-0.847427825351951,-1.27586526961714,0.667314889770676,0.374026747905021,0.564654065365534,0.225596105939583,1.03193500391001,0.98358625810158
"LOW",-1.01394528485409,-0.367553730688194,-0.711469669408492,-0.281152838263368,0.879525219597625,0.704709747759404,0.0515858709566293,-0.0593200859000317,0.00222357315534659,0.350905643124269
"LRCX",1.53236155816706,3.43719304160591,0.682046353417739,1.3884485725984,1.50613243000285,0.914401690868389,-0.38961557173092,-0.426122838530254,0.946203174511825,0.919896315530209
"LULU",-1.63669761959787,-1.84073698385873,2.27698473254429,1.6888237885333,-0.552246320993936,0.088640620532459,0.562405390967452,0.762655463414813,-2.53278914057967,-3.41093525461181
"LUV",-0.018296071379267,-0.105315002264802,-0.717806201231071,0.521918900426207,-1.00271634250639,-0.37536703156373,1.46483734827125,1.67985879937384,1.62238081166827,0.98358625810158
"LVS",-0.0140472945753094,0.00735398661051175,0.222912002578817,0.946672834948837,1.2237454438179,1.25050590504827,1.41951336310839,1.73668643315343,1.71123547872065,0.98358625810158
"LYB",-1.5695189697854,-1.47265476961532,-0.978640695650993,-0.695467186387198,-1.42720112018735,-1.45436781336157,0.639257806890856,0.434777700776401,-2.24509107570915,-2.21603080406844
"LYV",-0.258192167405922,0.400591094612279,-0.470687167840166,0.125511710420479,-0.975512096125713,-0.662848441400975,-1.49387896599994,-1.91306888725275,-0.594993506990981,-0.462056864505165
"MA",-0.816796713713179,0.117991643132862,-1.17579425804283,-1.28613592802812,0.303317182601969,-0.354252469921285,-0.307894074537203,-0.337852225413722,-0.499770811977871,0.475501382805845
"MAA",-0.942918200865078,-0.58685508157976,0.0396371970646548,-0.720249337946701,1.56936859294097,1.46100557897135,0.880719373852153,0.493012571854359,-0.348854673329345,-0.158046587905648
"MAR",-1.05565767613332,-0.54010281244522,-0.905063273535392,-0.582072426818636,-0.9392518719549,-1.0146333283078,1.67352445120451,1.99391302175147,0.877677416202596,0.98358625810158
"MAS",-1.01930365677322,-0.530738454544163,0.302210600275319,0.289155627635542,0.0138032392909175,0.120797836042999,-0.0589634104126079,-0.213064893241271,-0.838458376327416,-0.458111353034027
"MCD",-0.522872061550274,0.0519118493033716,-0.853514041449926,-1.30241111192366,0.173360682060851,0.446390702089331,0.69685454272968,0.294979464761194,0.591976790128074,0.891589678223619
"MCHP",-0.55622042842306,-0.254380315016392,0.0779026267980481,0.994252966265198,1.86420315609736,1.48814858711134,-1.44503336754059,-2.08577340650531,-2.31580432213496,-1.93205535745048
"MCK",0.402133432003571,0.848265901545013,0.52100503573865,-0.114523283968209,0.217621175795542,1.07131604984149,0.930748145748298,0.842898686514763,0.822066729852877,0.98358625810158
"MCO",-1.18084161395947,-0.298350274182281,-0.780529096727243,-0.555350834891839,1.51155113832932,0.83312536498652,0.101652705736391,0.0150087273757534,0.321196634695188,0.676089419338837
"MDLZ",-0.619890063084724,-0.170423654868927,-0.232194237897656,-0.991317789803619,0.187741162530653,0.451206811074872,-0.0650210895959384,-0.277126475170963,-2.84543883636139,-0.369447798565966
"MDT",0.787810980957221,0.418481383554703,-0.17974145231983,-0.748592860543191,1.02280704268845,0.592840972509752,2.70504183859608,1.84576405647897,0.969188821684489,0.98358625810158
"MET",-0.700714031728249,-0.29953119715842,-1.34684766264293,-0.799356980751297,0.0983863148370104,-0.00897990759791424,-0.577434355062121,-0.754333451211962,-0.129586397999488,0.247835287609858
"META",-0.0510993293635252,0.781211130031801,-0.0748321556881451,0.759304628501669,0.142150477614291,0.22486950626925,-0.210692465433292,-0.310841331875997,-0.0808426459460767,-0.126997454848909
"MGM",-0.454749707064938,-0.500504459160306,-0.716456871554704,0.347605630859126,-1.06653585069946,-0.614986579960878,0.744252435248024,1.05299124496099,-0.402581421001778,-0.750725847016556
"MKC",-1.23282156215264,-0.632225689675485,-1.44442052901896,-1.0865972404602,1.7371791161807,0.992470312293704,0.746649847969581,0.386582387604199,-0.707754650548627,-0.167862007313278
"MLM",-0.355308905228116,0.0666289821802443,-0.526675031422275,-0.16928402228335,-1.30465693559549,-0.792549216965539,0.00286046815718383,-0.0823414509194491,0.950904357065288,0.906862677130471
"MMC",-2.21578612599513,-0.565165949270646,0.140829097879456,-0.838650814592347,-0.262636444946046,-0.837484905492551,0.308242217452589,0.0936225258191779,-3.91725181378664,-0.658575137474387
"MMM",0.490862220413914,0.596181176343956,0.917015957670679,0.174912917191306,1.38382832584372,0.659270837206161,0.434288037883872,0.200485131188127,1.36161024605058,0.98358625810158
"MNST",0.858661569356346,0.769020881230079,-0.643804237351816,-0.566073982275287,-0.375305027989248,-0.240363494642536,1.58776592801601,1.32365097197711,1.11659963480016,0.98358625810158
"MO",0.775214480922913,0.610478600388324,-0.720109792629714,-0.732285789728694,-1.50589070846343,-1.79266304027058,0.60050137843459,0.318681714529927,0.273434417895147,0.24300907077755
"MOH",-1.58816665572269,-1.16267612001109,1.51494328672473,1.81299970926379,-3.67099438811347,-3.08145973778989,-0.429475064941345,-0.72031571183317,-3.9138157378325,-3.40644906232004
"MOS",0.26880411563534,0.773732946925311,-1.0701930933158,0.578371900168206,0.719933454265006,-0.0867985670454401,-0.975922360054465,-1.73885747981303,-0.244171106493459,-1.24255021810616
"MPC",0.0666345432830637,0.812870248089421,-0.810461787284351,-0.0242837412303646,1.56155983397851,0.724551632830984,-0.193041852829615,-0.316604138315139,0.892587371320177,0.969467829085152
"MPWR",1.06115848638024,2.22740486490372,0.572618059316638,1.25747272008364,-0.817689301129394,-1.26463442203785,-1.07562772373186,-1.3208417410522,0.222616978105531,0.458476696005718
"MRK",-1.49129342236126,-0.802150977719752,-0.301147058871357,-0.869988006955119,0.492330034013439,0.0109282032456052,3.76559416497218,2.61742040202081,-0.717165365676996,-0.154131922009755
"MS",0.0642541456056887,0.788432007231868,-0.702939595242948,-0.214489012528848,-0.569244324010935,-0.428994714747761,0.171093009464889,0.157048038263693,1.04445199366889,0.98358625810158
"MSCI",-1.23894833976943,-0.361937578879085,-1.02935048956318,-0.588126641688481,-1.39915802686506,-1.15940211699197,-0.818718537399949,-0.824359717193485,0.238191762023201,0.546935352358647
"MSFT",-0.1875245600768,0.667920295121946,0.301314148551926,-0.62556313091096,0.854182179625956,0.641306440776224,-1.18716635410065,-0.942565789307414,-0.285584650954626,0.471687824899285
"MSI",-1.49595838811536,-0.365929243484571,-0.273458792982552,-0.512410771708988,0.330650464986571,0.134247284614352,-1.66144615888653,-1.51529930776275,-2.77468704059646,-0.753286496151141
"MTB",-0.676662490984568,-0.410062913324159,-0.688381662171519,-0.277031945797847,0.350074745676142,-0.488558277479836,0.322883624409275,0.157356247548531,0.253231946122356,0.223366610900037
"MTCH",-0.247229926554974,0.203858023366781,-1.69081600573351,0.356990180256487,1.70502909854805,1.56028835607469,0.124174408614463,0.0968673926025542,0.610262047766433,0.216387605094135
"MTD",-0.656973682601088,-0.223434474509872,0.0527450911352544,0.0823001745052375,-1.03368594720128,-0.186816335533592,0.346402591525281,0.265672785628943,1.01253771449311,0.783485103423079
"MU",1.50218812632535,3.58965626510991,3.97447502118872,2.89983123148928,1.51326096464821,0.944213756303102,0.202313836626645,0.453893459570029,1.32556405241771,0.98358625810158
"NCLH",-0.178660064098598,-0.372262754513379,-0.472222812030568,2.19479005794218,0.332790309914796,0.316111247393026,-1.12285663649374,-2.65515511527854,-0.0804102582024256,-1.41264284306987
"NDAQ",-0.457759378291879,0.159703363048965,0.281905062035991,-0.49446928726661,0.74980779404783,0.184924564543483,0.77572401752097,0.543356073253916,0.220216777364774,0.623563963583404
"NDSN",-1.24449595976345,-0.593811452163674,0.483379929762348,-0.192781710388107,-1.73704469218221,-1.25085959263044,0.148124031674776,0.0252579545537822,-0.485462729052467,0.183089850518297
"NEE",-0.83660557277647,-0.212546086410178,0.552499670737048,-0.305379499381168,1.12762264987049,0.843368171586665,0.87837898802204,0.593113126038496,0.901888199545412,0.98358625810158
"NEM",3.68547728015371,3.99791886407165,0.692786467162363,0.903264665040001,-1.31795647365551,-0.846246702110543,1.03202420635239,1.3462180713056,1.096073120922,0.98358625810158
"NFLX",-0.0945443126963714,1.02621355790556,-0.726091785263581,0.435384700519886,0.0461740949267439,-0.172854877072154,-0.56112300400233,-0.815218820188956,-0.119124156091238,-0.367125105953836
"NI",0.439575973718683,0.470767760604006,-1.7019599570123,-1.4762734238647,1.56341223634225,0.67670720808781,0.732249226561317,0.33628874658808,1.09650180583266,0.98358625810158
"NKE",-0.582983558338197,-0.465197342274382,0.883026032789175,0.518936388601207,-0.395626555850472,-0.55210046360016,-0.0491940622108532,-0.294375402071899,-1.29354450687426,-1.65551419751312
"NOC",0.747356418870375,0.783371792206162,-0.567564612571091,-0.733245438567269,1.45454476694755,1.32582293622176,-0.518265982310535,-0.558300345490912,0.353618167595083,0.565696147704322
"NOW",-1.53479358973736,-0.540823718777112,0.81054127786949,0.352577536887727,-0.230714630086874,0.694579921808616,-1.58236570796514,-1.85102658749721,-1.09658202862811,-0.621408547331432
"NRG",0.71318849435926,2.22870690578796,0.49511528133443,1.34060959764412,0.676838152394531,1.58168955959926,-0.369048369367311,-0.452582466902867,0.873450130623581,0.906250698317874
"NSC",-0.201804347246574,0.246211960875337,-0.00247181671891424,-0.0150336043315036,-0.079031128823042,-0.191533353083349,0.26164803856654,0.172768120545129,0.7579220496544,0.825464014813552
"NTAP",-0.627540733995579,-0.205238996698566,0.19650748590599,0.602242271559782,-0.127299933308275,0.467815876602063,-0.754551686684084,-1.0060117417752,0.34520175162034,0.235072783932061
"NTRS",0.625954198840309,0.743570034580557,0.860648995661364,0.0927399490299932,0.834850232481201,0.660594606836886,0.142263291002152,-0.0262437502280266,0.900627304977207,0.817222378623782
"NUE",-0.746978533069852,-0.613748608074471,-0.335592994893943,0.787101733027358,-1.67781644468632,-0.880093051758647,0.38540294514507,0.535313250644393,-0.249499820134409,-0.211648019984103
"NVDA",-0.611122436292734,1.08601129279981,-0.920269855546972,1.27013954253039,0.410121094881671,0.293128694746802,-1.33345411136795,-1.97927266007078,0.111890079933511,0.11891424429006
"NVR",-1.04255280644942,-0.588257195818186,-0.427036663785488,-0.205441088637305,0.376999235697319,-0.117099193469127,0.344283373014593,0.244986427671731,-1.06017852082209,-0.629712996156722
"NWS",-0.207947053592031,0.122917890485027,-1.00885464102319,-0.544112663518221,-0.786880580927916,-0.340798165591871,-0.517014800820862,-0.757231390735079,-0.175615959712957,-0.0343178965138273
"NWSA",-0.253808220747585,0.0264425169857405,-1.05080265163351,-0.545058541504498,-1.06698327224995,-0.447573870345462,-0.470783873631937,-0.714763147986038,-0.185861003073446,-0.141467137746541
"NXPI",-0.412452474144654,-0.10306435444814,-0.718582933398823,0.186820761111613,1.61675586950326,1.21670829540173,-0.842589937928457,-1.20576647158691,-1.09749901041695,-0.831103186514378
"O",0.315022878301039,0.218152178261824,-0.7790439305681,-0.956067610143534,1.16195582339044,0.839594873625232,-0.14168112532124,-0.324789362814665,0.838768102014245,0.715125502991923
"ODFL",-2.17119296199132,-1.45491013536909,0.39940304965329,0.363790636637568,-0.0266399423739583,-0.247224067484852,-0.670541643692727,-0.789216474714067,-2.81271653533451,-1.73125707688855
"OKE",-1.26765846601534,-1.39039239567518,-0.633603946965802,-0.140945342359173,0.379775337237039,-0.12772774929283,0.728868211211728,1.08036735988192,-1.06790315831111,-1.25045070479079
"OMC",-1.04167592735214,-0.770381991011526,-0.346723237589196,-0.507916161036524,-1.0336168635948,-1.20949260613451,-0.728721294637411,-0.906262444177242,-1.67489797035198,-1.02472135623818
"ON",-1.23445948494501,-1.29323004806528,-0.881019301484403,1.09016054255552,2.11881631525157,0.852448662051064,-0.148968619580832,-0.260071350144319,-1.23128704670222,-1.75392769202014
"ORCL",0.86201684954566,1.27841740146691,2.33380315099817,1.68172239588808,0.655412564809553,0.627313626916883,-3.01294600175038,-3.37919371564621,-2.87005643800972,-0.944393799916223
"ORLY",0.523415907989318,0.907795071663008,-0.533954004083638,-0.64864182517123,-2.29113906451942,-1.38152048986383,0.906508248908542,0.721271751603395,-0.258304487341274,0.59430161091205
"OXY",-0.261541404551835,-0.292212709098052,-0.906854328924355,-0.464415411566247,-1.90650658871892,-1.81499532654135,0.0701238706400104,-0.0440004838121418,-0.298568161546913,-1.397573167389
"PANW",-0.648355929096549,0.0329194911576654,-1.2172676748791,0.392345340207408,0.000688719188928166,-0.199861820560373,-1.53354440236422,-2.12354149590841,-0.741721061877698,0.0445126963247474
"PAYC",-0.834592920568976,-0.421077538475987,-0.1327613978693,1.45898957774573,-0.16171374918558,-0.0817548618529211,-1.30107824698458,-2.12129613985672,-0.669681956367015,-1.59563751852505
"PAYX",-1.47697294214479,-0.516634896275539,-0.773306155848446,-0.964010001103019,0.214760627715297,-0.222922190813883,-0.784508570342198,-0.787507470216739,-3.36166681374905,-0.942753695272418
"PCAR",-1.65021392654579,-0.644103712924805,0.314670993370596,-0.243074409901777,-1.06278659916879,-0.437245308020147,0.888576746254478,0.695782972671666,-0.479643706530671,0.259818724519619
"PCG",-0.829394206555872,-1.31777154175114,-0.755609312531557,-0.0661985531035474,-1.45405808373318,-2.7079124881548,0.0579213276658785,-0.169098708942854,0.309340914930219,-0.734526034103283
"PEG",-1.32346771313203,-0.462726216091824,0.262732033689146,-0.847189003013579,-0.0856522362351424,-0.323974073475507,0.498316544311385,0.186757394084126,-0.473143403218842,0.387531532522018
"PEP",-1.61577512535963,-0.56027849767317,-0.942832402448188,-1.39953552833413,-0.343518339264234,-0.321253178387902,0.260096273935333,-0.0610224217404574,-0.823983233660975,0.241045574910758
"PFE",-0.0369409119421764,-0.0469117394406255,-0.705779014681661,-0.976986371609809,1.45180409535277,1.87060745555371,0.902624684152664,0.531235106108838,0.643422987166625,0.419316031684888
"PFG",-0.503928253760722,-0.185118542695241,-1.29602724877539,-0.702090825962472,-1.27774968581623,-1.46328425354511,-0.0305937144646086,-0.179006085405487,0.968074862466418,0.848362123287152
"PG",-1.60513864628179,-0.592576943251013,-0.855865669741139,-1.28603883402996,0.772206846324161,0.394361862034429,-0.507342640551198,-0.498375881302388,-1.91378115278459,-0.0581081694988948
"PGR",-1.83569021453422,-0.355913525117361,2.04225308444551,0.0297498580051694,-1.03930282326137,-0.164267936781573,1.43086423427656,1.17088390185059,-3.28148556812153,-0.365412048879158
"PH",-0.502280869805065,0.225180496510977,-0.870119887024928,-0.263636911876899,-0.047316141553779,0.0856863624783315,1.12743400923288,1.26109581218125,0.924493277229252,0.98358625810158
"PHM",-0.717908750590909,-0.195069638898769,0.0206731486907991,0.810597584190692,0.332183883056259,-0.063546653464172,0.38756875053948,0.51072298611418,0.119581292219068,0.249177168517739
"PKG",-1.09818650245106,-0.494610326151754,-0.140846454013721,-0.462171415462566,0.188125952316015,-0.484997825670031,0.385610465571203,0.262773069271896,-0.754099255907613,-0.113576193509986
"PLD",-0.557945342579658,-0.071286816444165,0.907049978612803,0.393826030016057,-1.03723142189594,-1.01394873726539,0.299056534413182,0.173940104024822,0.903760676329356,0.98358625810158
"PM",0.599408112149865,0.774882877418362,0.0725122201444906,-0.35414319262513,0.95477918968814,0.144288918686085,1.18389838498814,0.910887810727025,-0.311169481146187,0.109741998183517
"PNC",-0.591483480619658,-0.275546821164387,0.202663632648477,0.145796162413651,1.00287984464872,0.516738165989298,0.422455128274846,0.293470928351965,0.478931810802873,0.441653795066304
"PNR",-0.44321440710261,-0.0544611980803568,-0.418311283033146,-0.334690320540072,0.0348635009787831,-0.338494809123545,-0.327283815496568,-0.441639312798917,0.560887031413335,0.656031689542078
"PNW",-0.568973447522501,-0.193255970223727,-0.776072206614487,-1.08880462652176,0.988222989838907,0.612676014915604,0.509187938758199,0.191465909518816,0.908921458210043,0.865156064055677
"PODD",-0.300294823450501,0.475543226078685,0.653473246073999,1.90116095398165,3.27542025256755,2.00108076078483,0.179533195650269,0.300759036474339,0.651338444449036,0.727125366059376
"POOL",-1.14688836775613,-0.630415387506619,0.349424493053144,0.360968668385041,-0.0377947659912384,0.729040425836955,-1.1925054932608,-1.41263783931299,-1.66938769649676,-1.62784703725396
"PPG",-0.853368698391252,-0.631492203349875,-0.756950212705327,-0.800683275583381,1.32531878588703,1.39329568614158,0.394073689409401,0.110702915315101,-1.52620454831405,-1.07051786867759
"PPL",0.366314205757517,0.219594081368903,-1.98033791295604,-1.30465643540196,0.651115573201205,-0.854056192187096,0.0804162917122133,-0.164035720419862,1.17566018839158,0.935526333883413
"PRU",-1.02445285405258,-0.794406826870191,-1.38415036470479,-0.879405946021257,0.104435741757342,-0.213490376248363,0.55687805711384,0.424865802786432,0.113970811213085,0.158825407539476
"PSA",-1.00669999958971,-0.618635339741408,1.30839198471266,-0.0196152625731708,0.213357587776927,0.409780866173624,-0.332670577253226,-0.49483721481035,-1.06970555860752,-0.492874816415335
"PSKY",1.56518390991342,2.27123377708651,-0.206984274680769,1.61534279060628,0.972951014842909,0.630431354159862,0.298347885691339,0.242603235218897,1.34168434153559,-0.0692523074701986
"PSX",-0.205176888742645,0.0269329119447508,-0.53862302523134,0.234966124345384,-2.27007541199606,-0.778910191190456,0.0230243401368953,-0.108460169688805,0.400468621441247,0.241843928793227
"PTC",-0.634091870643603,-0.0925027487935227,-0.374584136785703,-0.0167025508878355,1.15112466073024,1.15364803580377,-1.59593803662559,-1.85296661563462,-0.600098980231723,-0.275647431138834
"PWR",-0.302617606246789,0.705537592011571,0.855037036526802,0.705813936971751,-1.29895744813962,-0.419646841521735,0.0522738821312874,0.164447875155699,0.850956251833206,0.98358625810158
"PYPL",-0.869612237367366,-0.925488348271435,-0.652630773304144,-0.00419170655663634,-1.67455595294158,-1.34021216628354,-1.06716290431317,-1.53994980495065,-0.13034063163421,-1.01279573443841
"QCOM",-0.286227081867553,0.132649667002564,-1.2546420967854,0.300205506324889,-0.507118783168235,1.20878736466604,-0.825460047833667,-1.24578692077309,-0.0543293762013779,-0.0696642706557768
"RCL",0.0556021083541892,0.897388790414533,-0.607413458440092,1.39485808540554,-0.198077948903686,-0.161965418464271,-0.612764326510093,-1.25826820735562,-0.244629036844594,-0.834773254363004
"REG",-0.207338359008213,-0.131226463618778,-1.29025938880272,-1.34594038361538,0.484133102653002,0.532814866744227,0.381506548758632,0.124283598045793,0.599620942374209,0.676193327400958
"REGN",-1.28507083036415,-1.4082214479595,0.247458479370555,0.490779981946397,-1.67273739906079,-0.911424476853801,2.06000779385242,2.34093416154288,-0.951148054299163,-1.33662827466445
"RF",-0.464706272722247,-0.110829207927361,-0.579819909438202,0.178771985593155,0.392827595677898,-0.0860055042088797,0.385517322321631,0.385346733519737,0.573978929378925,0.559426454096011
"RJF",-0.607759890285437,-0.0391008709131343,0.351966147198808,-0.0280483233617383,0.636107570473835,0.478994090038683,-0.376843514697515,-0.4814218965854,-0.117441425763327,0.362554051228265
"RL",0.78237373693426,1.47607818194894,-0.0692543007156929,0.993645803237368,0.111699061162333,0.169708955407522,1.26426874867161,1.68361809170504,0.970983378900808,0.98358625810158
"RMD",-0.328498143471353,0.228268723067965,-0.496928147209557,-0.212688505553489,0.352586307363288,-0.1311943550949,0.28124411552414,0.213054228650261,0.324553486087026,0.53139559341995
"ROK",0.399923458302377,0.696395891853587,0.102696134368376,0.415422454671507,0.984742447821031,0.970986423674083,0.723340606871447,0.744285853245771,1.16789746183599,0.98358625810158
"ROL",0.0468189152264864,0.54864814000888,-1.4759503900769,-1.20812770686863,-0.977910247263607,-0.960890693653389,0.844808327149501,0.636618059550045,0.928204054262263,0.98358625810158
"ROP",-1.64751391564475,-0.522365353417794,-0.578900281132885,-0.88827061687768,0.431644429418444,0.170342761489394,-0.154373424411547,-0.300534454073428,-3.26617400414166,-0.662954231966046
"ROST",-0.546745860237717,-0.161119752427784,-0.836982400638504,-0.455582809184623,-1.08437757727363,-0.7583306916633,1.28032706833759,1.15902730837477,0.89177917954635,0.98358625810158
"RSG",-1.03325563831765,0.0678755150889802,0.561689098939769,-0.860865167899351,0.0296424591055132,-0.497963550978098,0.549894269006671,0.261506165117011,-2.6766733404914,-0.0606477666426472
"RTX",1.3564072295732,1.38514001457477,-0.909135600449859,-0.813936679762199,0.169272124056647,0.19478099427303,-0.409217716413243,-0.518916131836776,0.670805062010709,0.872041457461079
"RVTY",-1.54173016092215,-1.21246216888388,0.257855526623902,0.342255366303201,3.11828695830045,1.59128527974965,1.29262659390291,1.23720899752538,-0.100616910842439,-0.25224753858213
"SBAC",-1.07601392916202,-0.63420537302487,0.773445739395166,0.0439366619168603,1.91377856386596,0.573455361179943,0.17190306952234,-0.0337509823802553,-0.421272594856865,-0.417069768591701
"SBUX",-1.06182315048204,-0.746468256661666,1.3416543551782,0.484480767413802,1.14055217522764,0.587647507031314,1.0424918738284,0.828737798377791,-0.99362636423802,-0.610115097263346
"SCHW",-0.00656596485000141,0.451493376604773,-0.656113933838772,-0.0217184055206822,0.306135412780754,0.150467741010915,-0.334503587852662,-0.51775559754511,0.751635270391908,0.669107630602484
"SHW",-1.43202905993753,-0.591394485699597,0.573332525610566,0.153208600984656,0.797588568848795,0.00986994922183319,-0.224725504799649,-0.319877107967367,-0.184123993529711,0.108153761191192
"SJM",-0.467335696403561,-0.318783717884833,1.13132669932085,-0.457525102541657,-0.0272186384255137,0.352526932885312,0.233965686010497,-0.0866076486175217,-0.267438421856698,-0.0125089360954726
"SLB",-0.604948501738815,-0.895998206476436,-1.11835273945325,-0.0337241383983494,-1.05960210401599,-0.813551695270938,0.00735009496277497,-0.236139700259491,-0.147914866685579,-1.14646089181663
"SMCI",-0.217423016395398,1.08223999587552,1.15066512180431,7.4992577139739,0.527266278073091,1.71019354891924,-1.92859792713682,-4.94483614750978,-2.09172762143339,-3.58325809988491
"SNA",-0.737002062491575,-0.300971720440197,-0.702125844232845,-0.587738458105213,0.703301468799312,0.257319525416421,0.152968387975503,-0.0238324354797771,0.52017528595038,0.605119540494766
"SNPS",-1.62055691675765,-0.504298397765911,1.23821631916496,0.685359839145989,0.230408297097139,0.461197688947442,-1.2528501776769,-1.35360880988249,-3.72102506212578,-1.35269757260244
"SO",-0.105888609938726,0.182017452159001,-1.59351219871761,-1.3569089146313,0.886615407582235,0.0251229970481611,-0.657712195453586,-0.610019914934562,0.451848960913362,0.773369559735206
"SPG",-0.0575377360448865,0.128623411644397,-0.60491558154582,-0.363561270491189,0.25383992140078,-0.260037891730834,0.546048055793238,0.497615750965345,0.990120294655011,0.934175518334005
"SPGI",-1.38077298580162,-0.380332291305866,-0.401978491119658,-0.614710535999481,1.32784693596509,0.91924988115017,0.1372205608444,0.0418489531592203,-0.155310549776237,0.355180675697696
"SRE",-0.705103430126318,-0.200456993997443,-0.189334668999594,-0.843198892093385,-0.484470486489193,-1.12863729320794,0.359035081970898,0.100106785655811,1.11906486906823,0.98358625810158
"STE",0.0576091913228404,0.408936870089021,-0.46314741064825,-0.746352228001817,1.06240114708601,0.178486053986708,1.8319706107606,1.42541460473555,0.844252408630414,0.98358625810158
"STLD",-0.739841165130006,-0.251654673160752,-1.12089555106909,0.234021631600037,-2.15040303981498,-1.73379028753097,0.415067878822708,0.634300983547065,0.994225173058305,0.98358625810158
"STT",0.458795150063411,0.644779262324009,-1.65041063025562,-0.688745923393893,0.0791733964506999,0.0920697312738117,0.200794488914452,0.084304141256294,1.19490313793905,0.98358625810158
"STX",3.57207822138311,5.85886324958063,1.66557419394467,1.77332398482361,1.00483809788425,1.12633487966355,0.458692042116993,0.780581089081986,0.974138279404096,0.98358625810158
"STZ",-2.61926611137143,-1.76512850858989,-0.0179570400507451,-0.359898768820692,-1.6253173853047,-1.38990798360216,0.498539288803101,0.204268644917731,-3.08604640412482,-2.30652632300595
"SW",-1.06320017321143,-0.77428065416493,-0.845700247521351,0.0961017173408093,0.848644163597423,0.071124853779726,-0.485678541107172,-0.746354519231051,-1.27148859220179,-1.30718198435222
"SWK",-0.579432902175431,-0.638253314597537,0.933848678107967,1.15061255250373,0.841313722449241,1.17234216046442,0.579217461182263,0.444756387369137,-0.413583424305269,-1.22799638087874
"SWKS",-0.442877033796109,-0.418758377796948,-0.237078251589551,0.546132036432024,-1.60256671744428,-0.886868367759934,-1.53457095286278,-2.19119320846869,-1.04180003277508,-1.6701334361074
"SYF",-0.205974715550997,0.129152403486141,-1.02635322291485,0.338961024409134,0.294698378159612,-0.119233036218109,0.269463570552644,0.287929791041006,1.11429654119915,0.98358625810158
"SYK",-1.27155112896455,-0.32047575785645,-0.712868106372039,-0.870013445104106,2.16079788376412,0.71789716148188,0.455099740874556,0.255953309812806,-0.0779091140004328,0.573757320052387
"SYY",0.0201211173548272,0.169674738292381,-0.975749699407551,-1.09248882464714,-0.0688956930140177,0.118509287183909,0.209955034548293,0.041649835134808,0.216912531957457,0.512874100722595
"T",0.825947555937004,0.755614967975745,-0.418771636508948,-0.802822299634558,-0.0759579773769169,-0.380628161903871,0.708914709135892,0.380821715140627,0.153863234236362,0.282425091461989
"TAP",-1.19555815132026,-1.07370259042212,-0.455561239083709,-0.248796355268573,0.0741809628350722,0.367757759458828,0.830737444089197,0.54733736849771,-0.436650123134432,-0.891451402644998
"TDG",-0.493385542286446,0.333675050440059,-1.15317484064811,-0.636043873968359,0.602734576918785,0.352804731690679,0.18945611011877,0.22321514327561,-0.346364555315579,0.322676077388951
"TDY",-0.0606774541180447,0.51384021431803,-0.622028121824757,-0.56631325449115,-1.18474522050878,-0.770353419790231,-1.00485185367068,-0.992826541546041,-1.11976495536861,-0.0304985366466149
"TECH",-1.37676496941177,-1.24837456584462,0.807406707016379,1.01304393198196,0.694082077484713,0.745554601368205,0.20741828215311,0.128864607699121,-0.224374537948432,-0.411858499322573
"TEL",1.46978737736348,1.64922539373417,-0.572068002227948,-0.557762080369727,1.8323832974069,1.5298761413542,-1.3639605010871,-1.42742466832149,0.0800896952226534,0.403510322086725
"TER",0.29964587559468,1.10910585043088,1.84724145396254,2.11017579128451,-0.0433337045130191,-0.550350499963186,-0.209582622861314,-0.283025339107504,1.04292562273519,0.98358625810158
"TFC",-0.326380826114655,-0.159703526934245,-0.336170212002351,-0.0526565931396984,0.830398892693775,0.259833022240939,0.555810812278625,0.416486175823429,1.0093128099311,0.98358625810158
"TGT",-1.20178369566427,-1.27631895700269,-0.501500147979373,0.219654782280016,1.32050479737071,1.11642809764717,-0.209765227172528,-0.440201289804819,-1.57494424607203,-2.13674177312365
"TJX",0.145418676587118,0.486357920240089,-1.10756315707698,-1.08561235927548,0.261066457383931,0.228015873869926,1.18956636522838,0.858651841348907,0.771021337282015,0.98358625810158
"TKO",0.141622186716041,1.55031497548229,-1.55859255691408,-0.218519821204537,0.1181928736807,0.380233400949581,0.0191156377190329,0.0854963810212348,0.666651310085731,0.709116904428182
"TMO",-1.19201560715666,-0.503975650265777,2.87490901451536,0.182572480312707,0.138033300725046,0.264529820090472,0.397195933626709,0.247615659206435,0.511169244882559,0.698695448016746
"TMUS",-1.07661750837598,-0.205607619778135,0.690562386535713,-0.452637327953683,-0.875688794865701,-0.434744019224469,-0.271050332692021,-0.302910283890543,-2.67891498222205,-0.496858132691609
"TPL",-1.33817974525038,-1.55264104160697,-0.0495368097027286,2.42497289623872,-0.338451851830989,0.609547203913786,-0.829203201253552,-1.41925694562867,-1.71513089849513,-2.15543557270927
"TPR",0.950152643277806,2.89288218881791,-0.1290967748178,1.45112999866383,-0.182710066742355,-0.297497792380624,-0.205370328805939,-0.368116533092939,0.880594149328535,0.744552822291516
"TRGP",-0.738082170320091,-0.790299309198289,-0.600930862335122,0.41296470886064,-0.0884712480206109,-0.0404840724096204,0.67193640930201,1.53649403275537,0.170168848531575,0.139442949613846
"TRMB",-0.10383493463482,0.298221420550233,-0.30272593955729,0.265079547703429,1.71495100945477,1.28848737220635,0.0659695453881483,-0.0237164495659205,0.884897997434232,0.78134393960643
"TROW",-0.829029494922512,-0.61422493204693,-0.581297613663953,-0.360665985348598,-0.0938014120722261,-0.642336396709526,-0.137502145751117,-0.32211034121559,0.203726228323196,0.083325803689203
"TRV",-0.262799791136618,0.119354768955485,-0.847079197530739,-0.998616594294134,-0.797353524197382,-1.29619462055465,1.41777792552935,0.89927918206015,0.93023209083127,0.98358625810158
"TSCO",-0.552871942504005,-0.0866198490870068,-1.17899232780058,-0.534660856660578,-0.679831016968876,-0.382757174379166,0.0401673504645178,-0.0788450289069123,-0.410338890531828,0.233874896748669
"TSLA",-0.287112626688036,0.89036740545808,-0.400391794819268,3.04782829328702,-1.08885154729877,0.02609954261351,-0.551311322059804,-1.0724935110078,0.886722332116333,0.586553509286016
"TSN",-0.742706668017838,-0.675888626019635,-0.892288398834312,-0.409804851945694,1.30153777975608,0.385011530144207,1.63955452408378,1.41764275738556,0.839083699806261,0.460367989479416
"TT",-0.879751184477645,-0.0541336824420048,-0.00404218844823599,-0.28232897067749,0.115476793499981,0.000584236985696163,-1.20612913815319,-1.10922273627373,0.0209390849847839,0.567611710806235
"TTWO",0.318150549994579,1.16653253050053,-1.0427275732869,0.0122559747550356,0.782335065607813,0.53188650344751,-0.707178758914471,-0.837736956445497,0.753134992007069,0.65683978095111
"TXN",-1.05286730157083,-0.360530939290261,1.38538715239714,0.133291676728357,0.0346629882256898,-0.0886671100929682,0.410899377335775,0.259144371037999,-2.02184714729356,-0.281067667029443
"TXT",-0.373042658236457,-0.184403802338689,-1.00237261228173,-0.716276213980861,-0.357611650449943,-0.910609668404217,0.232275354024279,0.0847040449333085,0.15859154478835,0.0780815311185114
"TYL",-1.36930068273768,-0.69809639594936,-0.826981163853339,-0.780483336905365,-0.525893069170969,-0.200358931422348,-0.348170053411624,-0.488319554313359,-1.10127794086463,-0.758276120995557
"UAL",-0.314457959145786,-0.152997319451365,0.416024563293466,2.11212281584751,0.134928970037832,0.42103279566759,0.551370100423784,0.81910490338125,1.04670169136942,0.731779918040628
"UDR",-1.02377419894689,-0.729580801972348,0.0684208398728397,-0.668973668823178,0.673597091106618,0.958237108458004,1.30794054800884,0.776663205027673,-0.337811368992472,-0.188152707209302
"UHS",-0.243870727252346,-0.132856497070626,-0.575657772735687,0.147716073668818,-1.91474230341191,-0.605528420070146,1.23295025313599,1.33119530579382,1.3055947344077,0.98358625810158
"ULTA",1.12903747183479,1.36698617628994,-0.375125710871695,0.610181554824993,-0.0640460949322819,-0.596157693956677,0.217036230892486,0.182867491394946,1.08780335132003,0.861751026647655
"UNH",-2.60545173241871,-1.62707410804432,3.3925042204358,1.41088616617011,-1.16211043892589,-0.691913144545405,-0.63227349549709,-0.762375660373743,-2.98104590760034,-2.09263674707818
"UNP",-0.899072592943022,-0.179203224662523,-1.20420946217947,-0.831755749207149,-0.0434101454716068,0.217105011787031,0.582846822698311,0.390016149433165,0.0645754559487454,0.48075672987732
"UPS",-1.84042192443306,-1.6622634866008,-0.534422809988651,-0.23238135111414,0.121295200477174,-0.0621620650652377,0.0582820860972325,-0.159624735715893,-1.38939569395751,-1.19717595994616
"URI",-0.532132302152757,0.207541588552696,-1.29029670190542,0.807337420801101,-1.19413010754907,-0.722561644834594,-0.734231271454287,-1.13263954195524,-0.175698973971145,-0.0180055212603413
"USB",-0.461869412803901,-0.335673824972005,-0.152726468057983,-0.0894220356609682,1.40434862594492,0.716075221855531,0.569456741784213,0.373603219609591,0.851351692389485,0.721306852874201
"V",-0.607565549317385,0.182866793786835,-1.09092260959664,-1.33301198948958,0.999330614268972,0.586919024833023,-0.551357573026063,-0.522989498045133,-0.516893782934892,0.428759604394938
"VLO",0.295134687420491,0.843179662262875,-0.998425058245602,0.067868933218428,0.0481585486165671,0.317032123502608,0.271309916291725,0.350497584560303,1.1134371224564,0.98358625810158
"VMC",-0.202024858281296,0.123762873115085,0.679122314330042,-0.136254230239949,0.0582900392983586,-0.116911059806851,0.233158000494908,0.0768348925445762,0.711019010915373,0.763149638379613
"VRSK",-1.86878343943304,-0.601983329808835,-0.072266569127339,-0.556036198209427,0.212198133286497,0.207348079435682,0.272149577460533,0.0815584133987698,-2.70718485457695,-0.948446459560979
"VRSN",1.47990068681971,1.53589375784964,0.170216769029675,-0.45838743580012,-0.506421786727118,-0.842166953220246,0.648316726677122,0.417648791402456,-0.298266258470812,0.143939842166826
"VRTX",-1.3642924068453,-0.807584840062715,0.409960599278445,0.103556245123953,-0.263776132133278,-0.261528886305567,0.0583519736212771,-0.0509961266689275,-0.604225178963228,-0.0395312274325183
"VTR",0.275884564522066,0.391664085984732,-0.898838410896946,-0.466129192544093,0.519056438618386,-0.118026035311376,0.936186823868888,0.931997461506249,1.17952272899198,0.98358625810158
"VTRS",-0.66690992848904,-1.0042834181944,-0.630045491218005,0.44149835211547,1.23078583842285,0.671806452641554,0.521093526977751,0.2811307000416,1.02871183624673,0.00921087588334958
"VZ",0.0474765954855224,0.00622740796966439,0.61461594579929,-0.78082369722006,0.75149880972904,0.301375757205036,0.572685935017991,0.156539723866905,0.366527051753223,0.608800044066856
"WAB",-0.497675888120016,-0.127778960202817,-1.36348147394705,-0.70348091384483,-0.967972653431296,-1.49842150729426,0.093047654179728,-0.0185062277972178,0.795870921600946,0.974396045970459
"WAT",-1.73534457267347,-1.23611719904497,1.22076063947142,0.768573275822667,0.259739639085422,0.355956424383679,1.70439205367158,1.74781969306857,1.10160589773313,0.784206004456973
"WBD",2.98456368120208,3.77812582264285,1.39506771810294,3.70993216369064,1.41949996512061,2.90292098739896,0.411728624531746,0.61695817176208,1.49958089130105,0.98358625810158
"WDAY",-0.652377269092967,-0.262192151958013,-1.52070354977461,0.301867533601172,1.64445046965623,1.85591392853931,-1.11931786977271,-1.65163542252132,-0.895100320894551,-0.858927957723996
"WDC",3.36639825688726,5.80073001368763,0.932018370208469,2.45330153471829,1.32032261542409,1.04047355029831,0.494935557412742,0.860725398665696,1.44040580019782,0.98358625810158
"WEC",0.498383505689716,0.454431149620824,-0.579118297164696,-1.19074925840956,0.142653056573128,0.247208294646773,0.0110605931627065,-0.154466571348529,0.756955309188642,0.886649979294857
"WELL",0.750889534912407,1.18897311428688,-1.35453415616601,-1.10778691371372,0.0127663032554106,-0.79837616167313,1.8801792147286,1.75682720649281,0.865266884958592,0.98358625810158
"WFC",0.0126326921240942,0.310605791351722,-1.1029981665797,-0.401381760184753,1.15269935223038,0.570281430461573,-0.207974850580143,-0.405023349315043,1.03650883407347,0.930777630609601
"WM",-1.33394625753468,-0.20700145404437,0.151287850980736,-0.935681553443169,-0.874351222244526,-0.997519425496398,1.5071265245208,0.904143215383445,-1.11744376993418,0.370067656953834
"WMB",-0.2429309935233,0.287917588353493,-1.09326632206519,-0.68593682598542,-0.350963994628873,0.00689607645196808,0.424661145375409,0.40165276602012,0.55546528458102,0.721192206906517
"WMT",-0.242533937530778,0.355245717486895,0.420485119321877,-0.783421437688983,0.622312218033237,-0.0656706467174951,1.41885704748324,0.925558202869158,0.795652657884771,0.98358625810158
"WRB",0.211078632632289,0.650579341218395,0.993811624035607,-0.281767743971472,0.297015705098935,-0.362153631574298,1.23232041064455,0.88291759729072,0.816555245401674,0.98358625810158
"WSM",-0.324000387907123,0.370139004354282,0.419717500082787,2.06530586402506,-1.00715812206585,0.64384922470071,-0.809866878308854,-1.28473336859828,-0.0812405666008058,0.0363998833403706
"WST",-1.13404461103958,-0.89156459089141,0.20833566763888,0.352727234713077,-2.67171215941883,-3.44894116579782,-0.39197066753342,-0.519830954718959,-0.903243297080089,-1.04814331141705
"WTW",-0.270016768071056,0.151823411674229,-0.817368575895748,-1.01870082482215,-3.06466377859783,-1.38330790016169,0.250278067292877,0.0334374971145558,-0.138710301015957,0.497426590251222
"WY",-1.05276740454726,-0.852691330765138,-0.450244715124537,-0.020289049193707,-0.0111134939469492,-0.221808876343092,-0.33513109600603,-0.637615618323332,-1.73495753644291,-1.40925474389633
"WYNN",0.819912050456598,1.23149093625585,-0.958801350575487,0.466760406074404,0.637448043986133,1.45082636253828,0.543871598200462,0.811911837744189,1.58020656900084,0.98358625810158
"XEL",0.472227510190958,0.418133534504319,0.506325704642659,-0.868349810919828,0.0423424229735852,-0.583629907692208,0.0151353680124445,-0.148379273545453,0.946819783175162,0.98358625810158
"XOM",-0.409380970909596,-0.207394793955708,-1.31254073569288,-1.163962980957,-0.603992154533137,-0.864343727031756,0.158677901382726,-0.00285099446001817,0.811227286216684,0.98358625810158
"XYL",0.101824321027911,0.475707509317211,-0.798254924795615,-0.542701954462974,0.195741709124819,-0.316779936087788,-1.15231077151633,-1.1663291269268,0.347409596176232,0.538161110206094
"XYZ",-0.721950393814468,-0.767087435489439,-0.0215163507243795,3.32895391871932,1.57631629219764,1.68504216246771,-0.860059607042846,-1.90568957173324,0.127955677554024,-0.833085668366239
"YUM",0.00915693308331348,0.28935657562938,-0.378750691542611,-0.758324981159562,1.89126028992363,2.47925849200843,1.48882522896465,1.14290543380396,0.692159597989575,0.867864835384781
"ZBH",-0.736051028853093,-0.552740313067211,-0.764321605451915,-0.407035072601648,1.86994754147314,0.618145197777803,-0.451824364637523,-0.705271377040578,-0.790130366242299,-0.739022700746178
"ZBRA",-1.16952490381179,-0.987157064339582,-0.863206533927794,0.801848599789495,-2.02556587446484,-0.435982229735608,-0.698995732900009,-1.11883805283159,-0.969375826225,-1.61966341293822
"ZTS",-1.46689386391284,-0.648975059156296,0.557016067334627,-0.314892807855967,0.443037830613514,-0.0345087324275894,-1.92785473049869,-1.77328368231272,-1.83535767405755,-1.35268940039767
